-- MariaDB dump 10.19  Distrib 10.5.15-MariaDB, for debian-linux-gnu (x86_64)
--
-- Host: localhost    Database: histologe_demo
-- ------------------------------------------------------
-- Server version	10.5.15-MariaDB-0+deb11u1

/*!40101 SET @OLD_CHARACTER_SET_CLIENT=@@CHARACTER_SET_CLIENT */;
/*!40101 SET @OLD_CHARACTER_SET_RESULTS=@@CHARACTER_SET_RESULTS */;
/*!40101 SET @OLD_COLLATION_CONNECTION=@@COLLATION_CONNECTION */;
/*!40101 SET NAMES utf8mb4 */;
/*!40103 SET @OLD_TIME_ZONE=@@TIME_ZONE */;
/*!40103 SET TIME_ZONE='+00:00' */;
/*!40014 SET @OLD_UNIQUE_CHECKS=@@UNIQUE_CHECKS, UNIQUE_CHECKS=0 */;
/*!40014 SET @OLD_FOREIGN_KEY_CHECKS=@@FOREIGN_KEY_CHECKS, FOREIGN_KEY_CHECKS=0 */;
/*!40101 SET @OLD_SQL_MODE=@@SQL_MODE, SQL_MODE='NO_AUTO_VALUE_ON_ZERO' */;
/*!40111 SET @OLD_SQL_NOTES=@@SQL_NOTES, SQL_NOTES=0 */;

--
-- Table structure for table `affectation`
--

DROP TABLE IF EXISTS `affectation`;
/*!40101 SET @saved_cs_client     = @@character_set_client */;
/*!40101 SET character_set_client = utf8 */;
CREATE TABLE `affectation` (
  `id` int(11) NOT NULL AUTO_INCREMENT,
  `signalement_id` int(11) NOT NULL,
  `partenaire_id` int(11) NOT NULL,
  `answered_at` datetime DEFAULT NULL COMMENT '(DC2Type:datetime_immutable)',
  `created_at` datetime NOT NULL COMMENT '(DC2Type:datetime_immutable)',
  `statut` int(11) NOT NULL,
  `answered_by_id` int(11) DEFAULT NULL,
  `affected_by_id` int(11) DEFAULT NULL,
  `motif_cloture` varchar(255) COLLATE utf8mb4_unicode_ci DEFAULT NULL,
  PRIMARY KEY (`id`),
  KEY `IDX_F4DD61D365C5E57E` (`signalement_id`),
  KEY `IDX_F4DD61D398DE13AC` (`partenaire_id`),
  KEY `IDX_F4DD61D32FC55A77` (`answered_by_id`),
  KEY `IDX_F4DD61D369E36731` (`affected_by_id`),
  CONSTRAINT `FK_F4DD61D32FC55A77` FOREIGN KEY (`answered_by_id`) REFERENCES `user` (`id`),
  CONSTRAINT `FK_F4DD61D365C5E57E` FOREIGN KEY (`signalement_id`) REFERENCES `signalement` (`id`),
  CONSTRAINT `FK_F4DD61D369E36731` FOREIGN KEY (`affected_by_id`) REFERENCES `user` (`id`),
  CONSTRAINT `FK_F4DD61D398DE13AC` FOREIGN KEY (`partenaire_id`) REFERENCES `partenaire` (`id`)
) ENGINE=InnoDB AUTO_INCREMENT=119 DEFAULT CHARSET=utf8mb4 COLLATE=utf8mb4_unicode_ci;
/*!40101 SET character_set_client = @saved_cs_client */;

--
-- Dumping data for table `affectation`
--

LOCK TABLES `affectation` WRITE;
/*!40000 ALTER TABLE `affectation` DISABLE KEYS */;
INSERT INTO `affectation` VALUES (41,8,1,'2022-03-24 18:23:00','2022-03-04 10:46:14',1,3,5,'RESOLU'),(43,7,1,'2022-03-18 20:57:35','2022-03-04 13:47:01',1,5,7,'RESOLU'),(44,12,1,'2022-03-24 18:30:55','2022-03-07 13:51:33',1,3,4,'INDECENCE'),(46,13,3,'2022-03-18 09:55:43','2022-03-09 11:20:28',3,8,1,'LOGEMENT VENDU'),(47,16,1,'2022-03-18 20:57:51','2022-03-11 15:54:16',1,5,1,'RESOLU'),(48,16,4,NULL,'2022-03-11 15:54:17',0,NULL,1,NULL),(49,16,5,NULL,'2022-03-11 15:54:17',0,NULL,1,NULL),(50,16,3,'2022-03-22 14:12:34','2022-03-14 14:59:24',3,8,1,'RESOLU'),(51,18,3,'2022-03-18 09:21:09','2022-03-17 08:32:40',3,8,4,'LOGEMENT DECENT'),(52,19,3,'2022-03-17 14:17:11','2022-03-17 09:48:18',2,8,4,NULL),(53,18,6,NULL,'2022-03-17 16:30:51',0,NULL,4,NULL),(54,19,1,'2022-03-18 20:57:55','2022-03-18 10:03:04',1,5,1,NULL),(55,20,5,NULL,'2022-03-18 15:27:22',0,NULL,4,NULL),(56,20,7,NULL,'2022-03-18 15:27:22',0,NULL,4,NULL),(57,20,6,NULL,'2022-03-18 15:27:22',0,NULL,4,NULL),(61,21,1,'2022-03-21 17:15:40','2022-03-20 18:41:12',1,1,5,NULL),(62,21,3,'2022-03-24 10:04:24','2022-03-21 17:15:51',1,8,1,NULL),(63,22,1,'2022-03-24 18:23:28','2022-03-21 17:23:14',1,3,1,NULL),(66,25,4,NULL,'2022-03-22 08:58:28',0,NULL,4,NULL),(67,25,6,NULL,'2022-03-22 08:58:28',0,NULL,4,NULL),(68,26,1,'2022-03-23 09:49:40','2022-03-22 22:19:34',1,4,5,NULL),(69,28,4,NULL,'2022-03-23 09:27:02',0,NULL,4,NULL),(70,28,5,NULL,'2022-03-23 09:27:02',0,NULL,4,NULL),(71,14,5,NULL,'2022-03-23 09:37:54',0,NULL,4,NULL),(72,14,4,NULL,'2022-03-23 09:38:05',0,NULL,4,NULL),(74,29,4,NULL,'2022-03-23 12:48:34',0,NULL,1,NULL),(75,29,5,NULL,'2022-03-23 12:48:34',0,NULL,1,NULL),(76,29,6,NULL,'2022-03-23 12:48:34',0,NULL,1,NULL),(77,28,1,'2022-03-24 09:43:18','2022-03-24 08:58:19',3,3,1,'RESOLU'),(78,24,1,'2022-03-24 18:37:13','2022-03-24 10:19:35',2,3,1,'RESOLU'),(79,24,4,NULL,'2022-03-24 10:19:35',0,NULL,1,NULL),(80,24,5,NULL,'2022-03-24 10:19:35',0,NULL,1,NULL),(81,24,6,NULL,'2022-03-24 10:19:35',0,NULL,1,NULL),(82,24,7,NULL,'2022-03-24 10:19:35',0,NULL,1,NULL),(83,36,1,'2022-03-24 18:36:29','2022-03-24 17:17:51',0,3,1,'LOGEMENT DECENT'),(84,36,3,NULL,'2022-03-24 17:17:52',0,NULL,1,NULL),(85,36,4,NULL,'2022-03-24 17:17:52',0,NULL,1,NULL),(86,36,5,NULL,'2022-03-24 17:17:52',0,NULL,1,NULL),(87,36,6,NULL,'2022-03-24 17:17:52',0,NULL,1,NULL),(88,36,7,NULL,'2022-03-24 17:17:52',0,NULL,1,NULL),(89,36,8,NULL,'2022-03-24 17:17:52',0,NULL,1,NULL),(90,37,1,'2022-03-24 21:55:10','2022-03-24 18:29:54',1,5,1,NULL),(91,35,1,NULL,'2022-03-29 07:48:22',0,NULL,1,NULL),(92,9,1,'2022-03-31 08:25:17','2022-03-31 07:58:18',3,3,1,'RESOLU'),(93,9,4,NULL,'2022-03-31 07:58:18',0,NULL,1,NULL),(94,9,5,NULL,'2022-03-31 07:58:18',0,NULL,1,NULL),(95,9,6,NULL,'2022-03-31 07:58:18',0,NULL,1,NULL),(96,6,1,NULL,'2022-03-31 07:58:34',0,NULL,1,NULL),(97,6,4,NULL,'2022-03-31 07:58:34',0,NULL,1,NULL),(98,6,5,NULL,'2022-03-31 07:58:34',0,NULL,1,NULL),(99,6,6,NULL,'2022-03-31 07:58:34',0,NULL,1,NULL),(100,5,1,NULL,'2022-03-31 07:58:59',0,NULL,1,NULL),(101,5,6,NULL,'2022-03-31 07:58:59',0,NULL,1,NULL),(102,5,7,NULL,'2022-03-31 07:58:59',0,NULL,1,NULL),(103,5,8,NULL,'2022-03-31 07:58:59',0,NULL,1,NULL),(104,5,9,NULL,'2022-03-31 07:58:59',0,NULL,1,NULL),(105,7,4,NULL,'2022-03-31 08:00:03',0,NULL,1,NULL),(106,7,5,NULL,'2022-03-31 08:00:03',0,NULL,1,NULL),(107,7,6,NULL,'2022-03-31 08:00:03',0,NULL,1,NULL),(108,7,7,NULL,'2022-03-31 08:00:03',0,NULL,1,NULL),(109,11,6,NULL,'2022-03-31 12:30:20',0,NULL,4,NULL),(110,11,9,NULL,'2022-03-31 12:30:20',0,NULL,4,NULL),(111,45,6,NULL,'2022-04-04 08:22:25',0,NULL,4,NULL),(112,45,9,NULL,'2022-04-04 08:22:25',0,NULL,4,NULL),(113,45,1,NULL,'2022-04-05 07:14:10',0,NULL,4,NULL),(114,43,5,NULL,'2022-04-05 08:13:06',0,NULL,1,NULL),(115,43,6,NULL,'2022-04-05 08:13:06',0,NULL,1,NULL),(116,43,7,NULL,'2022-04-05 08:13:06',0,NULL,1,NULL),(117,43,9,NULL,'2022-04-05 08:13:07',0,NULL,1,NULL),(118,47,4,NULL,'2022-04-06 14:32:09',0,NULL,4,NULL);
/*!40000 ALTER TABLE `affectation` ENABLE KEYS */;
UNLOCK TABLES;

--
-- Table structure for table `config`
--

DROP TABLE IF EXISTS `config`;
/*!40101 SET @saved_cs_client     = @@character_set_client */;
/*!40101 SET character_set_client = utf8 */;
CREATE TABLE `config` (
  `id` int(11) NOT NULL AUTO_INCREMENT,
  `nom_territoire` varchar(255) COLLATE utf8mb4_unicode_ci NOT NULL,
  `url_territoire` varchar(255) COLLATE utf8mb4_unicode_ci NOT NULL,
  `nom_dpo` varchar(255) COLLATE utf8mb4_unicode_ci NOT NULL,
  `mail_dpo` varchar(255) COLLATE utf8mb4_unicode_ci NOT NULL,
  `nom_responsable` varchar(255) COLLATE utf8mb4_unicode_ci NOT NULL,
  `mail_responsable` varchar(255) COLLATE utf8mb4_unicode_ci NOT NULL,
  `adresse_dpo` varchar(255) COLLATE utf8mb4_unicode_ci NOT NULL,
  `logotype` varchar(255) COLLATE utf8mb4_unicode_ci DEFAULT NULL,
  `email_reponse` varchar(255) COLLATE utf8mb4_unicode_ci DEFAULT NULL,
  `tracking_code` text COLLATE utf8mb4_unicode_ci DEFAULT NULL,
  `tag_manager_code` text COLLATE utf8mb4_unicode_ci DEFAULT NULL,
  `mail_ar` text COLLATE utf8mb4_unicode_ci DEFAULT NULL,
  `mail_validation` text COLLATE utf8mb4_unicode_ci DEFAULT NULL,
  `esabora_url` varchar(255) COLLATE utf8mb4_unicode_ci DEFAULT NULL,
  `esabora_token` varchar(255) COLLATE utf8mb4_unicode_ci DEFAULT NULL,
  PRIMARY KEY (`id`)
) ENGINE=InnoDB AUTO_INCREMENT=4 DEFAULT CHARSET=utf8mb4 COLLATE=utf8mb4_unicode_ci;
/*!40101 SET character_set_client = @saved_cs_client */;

--
-- Dumping data for table `config`
--

LOCK TABLES `config` WRITE;
/*!40000 ALTER TABLE `config` DISABLE KEYS */;
INSERT INTO `config` VALUES (3,'DEMO HISTOLOGE','demo.histologe.net','BZEZ Sam','sam@bzez.dev','BZEZ Sam','sam@bzez.dev','N/R','Logohistologe-622e3607c1c8c.png','test@test.fr',NULL,'<!-- Matomo Tag Manager -->\r\n<script>\r\nvar _mtm = window._mtm = window._mtm || [];\r\n_mtm.push({\'mtm.startTime\': (new Date().getTime()), \'event\': \'mtm.Start\'});\r\nvar d=document, g=d.createElement(\'script\'), s=d.getElementsByTagName(\'script\')[0];\r\ng.async=true; g.src=\'https://cdn.matomo.cloud/histologe.matomo.cloud/container_b3uzb7uJ.js\'; s.parentNode.insertBefore(g,s);\r\n</script>\r\n<!-- End Matomo Tag Manager -->',NULL,NULL,'','');
/*!40000 ALTER TABLE `config` ENABLE KEYS */;
UNLOCK TABLES;

--
-- Table structure for table `critere`
--

DROP TABLE IF EXISTS `critere`;
/*!40101 SET @saved_cs_client     = @@character_set_client */;
/*!40101 SET character_set_client = utf8 */;
CREATE TABLE `critere` (
  `id` int(11) NOT NULL AUTO_INCREMENT,
  `situation_id` int(11) NOT NULL,
  `label` varchar(255) COLLATE utf8mb4_unicode_ci NOT NULL,
  `description` longtext COLLATE utf8mb4_unicode_ci NOT NULL,
  `created_at` datetime NOT NULL COMMENT '(DC2Type:datetime_immutable)',
  `modified_at` datetime DEFAULT NULL COMMENT '(DC2Type:datetime_immutable)',
  `is_archive` tinyint(1) NOT NULL,
  `is_danger` tinyint(1) NOT NULL,
  `coef` int(11) NOT NULL,
  PRIMARY KEY (`id`),
  KEY `IDX_7F6A80533408E8AF` (`situation_id`),
  CONSTRAINT `FK_7F6A80533408E8AF` FOREIGN KEY (`situation_id`) REFERENCES `situation` (`id`)
) ENGINE=InnoDB AUTO_INCREMENT=85 DEFAULT CHARSET=utf8mb4 COLLATE=utf8mb4_unicode_ci;
/*!40101 SET character_set_client = @saved_cs_client */;

--
-- Dumping data for table `critere`
--

LOCK TABLES `critere` WRITE;
/*!40000 ALTER TABLE `critere` DISABLE KEYS */;
INSERT INTO `critere` VALUES (1,1,'Aspect des espaces extérieurs','Espaces verts et surfaces extérieures proches agréables.','2020-04-09 00:00:00',NULL,0,0,1),(2,1,'Nuisances de l\'environnement','Voisinage calme et non pollué.','2020-04-09 00:00:00',NULL,0,0,2),(3,1,'Murs extérieurs','Murs porteurs stables, non dégradés, sans fissure, sans dégradation des joints ni des enduits.','2020-04-09 00:00:00',NULL,0,0,2),(4,1,'Charpentes','Stables, n\'entraînant aucune altération. absence de parasites destructeurs.','2020-04-09 00:00:00',NULL,0,1,2),(5,1,'Toitures','Toiture étanches à  l\'eau. bonne isolation thermique entre l\'extérieur et le plancher haut des logements du dernier étage habité.','2020-04-09 00:00:00',NULL,0,1,2),(6,1,'Prévention des chutes ','Ouvrages en bon état. balcons et saillies apparemment solides. canalisations extérieures fixées. toiture sans éléments déplacés. souches stables. volets repeints','2020-04-09 00:00:00',NULL,0,1,1),(7,9,'L\'entrée du bâtiment est abîmée ou mal sécurisée','L’entrée est sécurisée, par exemple par la présence d\'un digicode. la porte est étanche à l\'eau, se ferme et s\'ouvre aisément. il n’y a pas d\'entrée d\'air parasite. l’isolation thermique est renforcée (double vitrage).','2020-04-09 00:00:00',NULL,0,0,1),(8,12,'Le sol est abîmé.','Les sols sont stables et au même niveau. la circulation est aisée. ','2020-04-09 00:00:00',NULL,0,1,2),(9,12,'Les escaliers sont abîmés.','Les escaliers sont stables et faciles d’usage. ils ne sont pas trop étroits, ni trop pentus. ','2020-04-09 00:00:00',NULL,0,1,2),(10,9,'Le bâtiment n’est pas sécurisé contre les chutes.','Tous les dispositifs de protection contre les chutes sont correctement installés (garde-corps, mains-courantes...) et permettent d’éviter les chutes.','2020-04-09 00:00:00',NULL,0,1,2),(11,12,'Les murs et plafonds intérieurs sont mal entretenus','Les surfaces sont repeintes, propres et faciles à entretenir. ','2020-04-09 00:00:00',NULL,0,0,1),(13,10,'Les sols sont humides.','Le sol et les murs en contact avec le sol sont parfaitement secs. les caves sont ventilées, sans humidité. ','2020-04-09 00:00:00',NULL,0,0,1),(14,9,'L’installation du réseau électrique a un problème.','L’installation fonctionne correctement. elle ne présente pas de risque de contact direct ou indirect, ni de risque d\'incendie. ','2020-04-09 00:00:00',NULL,0,0,2),(15,9,'L’installation du réseau gaz a un problème.','Les canalisations sont fixées et les matériaux utilisés ne risquent pas de fondre en cas d\'incendie.','2020-04-09 00:00:00',NULL,0,0,2),(16,9,'La protection incendie n’est pas adaptée.','Les parois des logements et parties communes et les cloisons des caves sont résistantes au feu. les portes palières et d\'accès aux caves sont en matériaux pleins et épais. ','2020-04-09 00:00:00',NULL,0,0,1),(17,9,'Le chauffage collectif est obsolète.','L’équipement fonctionne correctement et est bien entretenu. ','2020-04-09 00:00:00',NULL,0,1,1),(18,14,'Les déchets sont mal stockés.','Il y a un local poubelle ventilé, suffisamment grand, facile à nettoyer et adapté au tri sélectif.','2020-04-09 00:00:00',NULL,0,0,1),(19,14,'L’usage des lieux n’est pas respecté.','Les occupants font un usage normal des parties communes et des équipements collectifs. il n\'y a pas de dégradation (volontaire ou par négligence). ','2020-04-09 00:00:00',NULL,0,0,1),(20,3,'Réseau eau potable','Raccordement au réseau public d\'eau potable, débit et pression suffisants, protection contre les retours d\'eau, absence de canalisation en plomb, protection contre le gel. protection contre les pollutions.','2020-04-09 00:00:00',NULL,0,0,2),(21,3,'Évacuation des eaux usées et raccordement','Réseaux séparés, ventilés.\r\ncanalisations de taille suffisante, conditions d\'écoulement satisfaisantes,  protection contre le gel, facilité d\'entretien.\r\nraccordement au réseau de collecte ou dispositif autonome conforme et fonctionnel. absence de nuisances.','2020-04-09 00:00:00',NULL,0,0,2),(22,3,'Propreté','Les lieux et les surfaces intérieures et extérieures sont régulièrement nettoyés et maintenus en bon état de propreté.','2020-04-09 00:00:00',NULL,0,0,1),(23,3,'Présence d\'animaux nuisibles ','Absence de rongeurs, d\'insectes parasites.\r\npas d\'accumulation de pigeons.','2020-04-09 00:00:00',NULL,0,0,2),(24,3,'Éclairement naturel des pièces principales','Éclairement suffisant pour permettre une activité normale sans avoir recours à l\'éclairage artificiel.\r\nle rapport de la surface laissant passer la lumière sur la surface de la pièce est supérieur à 1/6.','2020-04-09 00:00:00',NULL,0,0,3),(25,3,'Organisation intérieure du logement','Séparation des pièces de jour et de nuit. entrée et dégagement de distribution.','2020-04-09 00:00:00',NULL,0,0,1),(26,3,'Dimension des pièces / surface habitable','Pièce principale d\'au moins 12 m2, et au moins 9 m2 pour les autres pièces.','2020-04-09 00:00:00',NULL,0,0,1),(27,3,'Protection phonique / bruits extérieurs','Isolation phonique adaptée au niveau de bruit extérieur.\r\nen environnement bruyant, double vitrage. liaisons dormant/ouvrant traitées.','2020-04-09 00:00:00',NULL,0,0,1),(28,3,'Protection phonique / bruits intérieurs','Cloisons, portes palières, et planchers suffisamment isolants pour empêcher d\'entendre parler ou marcher depuis les locaux voisins. pas de nuisance acoustique due au bruit des équipements collectifs.','2020-04-09 00:00:00',NULL,0,0,1),(29,3,'Isolation thermique','Présence de dispositifs de construction (doublage des parois, double vitrage, étanchéité des huisseries…) assurant une isolation correcte.','2020-04-09 00:00:00',NULL,0,0,1),(30,3,'Chaudière gaz:\r\nInstallation, sécurité ','Appareils à circuits de combustion non étanche raccordés à une évacuation des produits de combustion vers l\'extérieur, munis de sécurité au refoulement.\r\nappareils à circuit de combustion  étanche.','2020-04-09 00:00:00',NULL,0,0,2),(31,3,'Évacuation des produits de combustion','Systèmes d\'évacuation stables, étanches, protégés des effets de perturbations d\'origine extérieure pouvant affecter le tirage ( vents plongeants, ouvrages proches,...)','2020-04-09 00:00:00',NULL,0,1,1),(32,3,'Toxiques, peintures au plomb','Absence de peintures au plomb ou peintures anciennes protégées durablement et solidement','2020-04-09 00:00:00',NULL,0,1,2),(33,3,'Risque amiante','Absence de flocages, calorifugeages ou faux-plafond visibles, ou diagnostic amiante négatif.','2020-04-09 00:00:00',NULL,0,1,2),(34,3,'Prévention des chutes de personnes','Tous les dispositifs de protection contre les chutes sont correctement installés et fonctionnels : garde-corps, mains-courantes…  absence de défauts pouvant provoquer des chutes.\r\ngarde-corps en bon état et hauteur adaptée. sols non glissants. absence de dénivelées susceptibles d\'occasionner des chutes.','2020-04-09 00:00:00',NULL,0,1,1),(35,3,'Appréciation globale des manifestations d\'humidité','Le logement ne présente aucune trace d\'humidité.','2020-04-09 00:00:00',NULL,0,1,4),(36,3,'Réseau d\'alimentation en eau potable','Desserte de l\'ensemble des équipements de l\'appartement avec un débit et une pression suffisants.','2020-04-09 00:00:00',NULL,0,0,2),(37,3,'Réseau d\'évacuation des eaux usées','Desserte de tous les appareils. canalisations étanches, de débit adapté. orifices et appareils munis de siphons efficaces. absence de dysfonctionnements.','2020-04-09 00:00:00',NULL,0,0,1),(38,3,'Réseau d\'électricité','Réseau avec un nombre suffisant de points desservis et ne présentant pas d\'anomalie particulière. pas de risques par contact direct ou indirect, notamment dans les locaux humides ( salles d\'eau) ni de risque d\'incendie.','2020-04-09 00:00:00',NULL,0,1,2),(39,3,'Réseau de gaz','Canalisations correctement fixées, protégées des chocs. raccordement des appareils par canalisations rigides ou canalisations souples en bon état avec dispositif de sécurité.','2020-04-09 00:00:00',NULL,0,1,2),(40,3,'Moyens de chauffage','Dispositif de chauffage suffisant dans chaque pièce.','2020-04-09 00:00:00',NULL,0,0,1),(41,3,'Cuisine ou coin cuisine','Local indépendant ou coin cuisine aménagé avec équipements spécifiques adaptés.','2020-04-09 00:00:00',NULL,0,0,1),(42,3,'Toilettes','Privatif à l\'intérieur du logement, facile à entretenir.','2020-04-09 00:00:00',NULL,0,0,1),(43,3,'Salle de bain ou salle d\'eau','Privative avec douche ou baignoire, eau chaude et froide.','2020-04-09 00:00:00',NULL,0,0,1),(44,3,'Entretien des lieux, propreté courante','Bon état de propreté et de rangement des locaux.','2020-04-09 00:00:00',NULL,0,0,1),(45,3,'Sur-occupation','Pas de sur-occupation , usage n\'entraînant pas de dégradation des locaux. au moins 14m2 de surface habitable par occupant pour les quatre premiers et 10 m2 par occupant supplémentaire.','2020-04-09 00:00:00',NULL,0,0,1),(46,13,'Mon logement est en sous-sol.','Le logement n\'est pas situé au niveau -1 du bâtiment ou en inter-sol sans lumière extérieure directe.','2020-04-14 00:00:00',NULL,0,0,3),(47,13,'Mon logement est sous les combles.','Le logement n\'est pas situé dans les combles du bâtiment sans lumière extérieure directe.','2020-04-14 00:00:00',NULL,0,0,1),(48,13,'Il n\'y a pas de fenêtre dans mon salon ou ma salle à manger.','Les pièces à vivre du logement présentent des fenêtres permettant un éclairage naturel.','2020-04-14 00:00:00',NULL,0,0,1),(50,13,'Mon logement est une pièce unique, de moins de 9m².','Le logement n\'est pas constitué d\'une seule pièce de moins de 9m2.','2020-04-14 00:00:00',NULL,0,1,3),(52,13,'Mon salon ou ma salle à manger mesure moins de 7m².','Le logement propose un salon et/ou une salle à manger de plus de 7m2.','2020-04-14 00:00:00',NULL,0,0,1),(53,13,'Les plafonds sont trop bas (moins de 2.20 m).','La hauteur sous plafond du logement n\'est pas de moins de 2 mètres et 20 cm (2.20m) dans les pièces à vivre.','2020-04-14 00:00:00',NULL,0,1,2),(54,13,'La lumière naturelle en pleine journée est insuffisante.','L\'éclairage naturel du logement est suffisant pour vivre sans éclairage électrique en pleine journée. ','2020-04-14 00:00:00',NULL,0,0,3),(55,9,'Fils électriques dénudés','Les installations électriques ne présentent pas de fils dénudés ou non isolés.','2020-04-14 00:00:00',NULL,0,0,2),(56,11,'Les installations électriques ne sont pas en bon état.','Bon état général de l\'installation électrique du logement. l’installation répond aux normes en cours.','2020-04-14 00:00:00',NULL,0,0,2),(57,10,'Les murs ont des fissures.','Pas de fissures visibles sur les murs intérieurs ou extérieurs du logement.','2020-04-14 00:00:00',NULL,0,1,2),(58,9,'Les planchers sont dangereux.','Les planchers du logement ne présentent pas de défauts évidents, ni de risques pour les personnes.','2020-04-14 00:00:00',NULL,0,1,2),(59,9,'Les garde-corps ou rambardes sont dangereuses.','Les garde-corps ou rambardes du logement ne présentent pas de défauts ou de risques pour les personnes. ','2020-04-14 00:00:00',NULL,0,0,2),(60,10,'De l\'eau s’infiltre dans mon logement.','Aucune infiltration d\'eau dans le logement ou aucune zone d\'humidité stagnante.','2020-04-14 00:00:00',NULL,0,0,1),(61,10,'Il y a des traces importantes de moisissures.','Vous ne constatez aucune présence de traces d\'humidité ou de moisissures dans le logement. ','2020-04-14 00:00:00',NULL,0,0,2),(62,10,'La peinture est écaillée par endroits.',' la peinture n’est pas écaillée dans les différentes pièces du logement. ','2020-04-14 00:00:00',NULL,0,0,1),(63,10,'Les toilettes du logement sont abîmées ou inexistantes.','Les toilettes se situent dans le logement, sont en bon état et facilement accessibles.','2020-04-14 00:00:00',NULL,0,0,1),(64,10,'La salle de bain est abîmée ou inexistante.','La salle de bain ou salle d’eau est utilisable à l’intérieur du logement, dans une pièce isolée avec une baignoire ou une douche.','2020-04-14 00:00:00',NULL,0,0,1),(65,11,'Le chauffage ne fonctionne pas bien.','Le fonctionnement et le réglage de la chaleur dans le logement est efficace.','2020-04-14 00:00:00',NULL,0,0,1),(66,10,'J\'ai un problème avec l’eau potable.','J’ai accès à l’eau potable et le débit de l’eau est bon.','2020-04-14 00:00:00',NULL,0,0,3),(68,11,'J\'ai un problème de ventilation dans mon logement.','Toutes les pièces disposent d’une ventilation mécanique ou naturelle fonctionnelle (vmc en état de marche, bonnes prises d’air visibles basses et hautes).','2020-04-15 00:00:00',NULL,0,0,2),(69,11,'De l’air s’infiltre dans mon logement.','Pas de sensations ou présence de courants d\'air dans le logement lorsque l\'ensemble des portes et fenêtres sont fermées.','2020-04-15 00:00:00',NULL,0,0,1),(70,11,'Mes factures de chauffage sont anormalement élevées.','Vos factures de consommation énergétique ne sont pas en augmentation continue ou ne présentent pas de hausses non prévues, sur les mois d\'hiver ou d\'une année à l’autre. vous ne limitez pas l\'usage de votre chauffage. ','2020-04-15 00:00:00',NULL,0,0,1),(71,10,'Il y a des nuisibles dans mon logement (blattes, punaises de lit, rongeurs...).','Aucun nuisible et aucune trace de nuisibles dans le logement (cafards, punaises de lit, rongeurs, pigeons, termites, moustiques, insectes…).','2020-04-15 00:00:00',NULL,0,0,3),(72,14,'Le bruit à l’intérieur du logement ou du bâtiment est gênant.','La perception des bruits générés par les voisins ou les équipements proches est forte et gênante. ','2020-05-14 00:00:00',NULL,0,0,2),(73,14,'Le bruit extérieur est gênant.','L\'isolation du logement permet de filtrer les bruits extérieurs en journée et en soirée.','2020-05-14 00:00:00',NULL,0,0,2),(74,9,'L\'accès au logement est mal éclairé.','L’équipement d\'éclairage assure un accès facile au logement de nuit .','2020-05-14 00:00:00',NULL,0,0,1),(75,10,'J’ai un problème d\'évacuation des eaux usées.','Les systèmes d\'évacuation des eaux usées (collectifs ou individuels) fonctionnent bien.','2020-05-14 00:00:00',NULL,0,0,2),(76,11,'Mon logement est mal isolé.','Le niveau de qualité de l\'étiquette énergie de mon logement est (cf. dpe) a, b, c, ... présence ou manque de double vitrage, bon niveau général d\'isolation thermique du logement.','2020-05-14 00:00:00',NULL,0,0,1),(77,9,'La protection incendie du logement n’est pas adaptée.','Présence du détecteur incendie, évacuation , ...','2020-05-14 00:00:00',NULL,0,0,1),(78,9,'Les escaliers intérieurs sont dangereux.','Les escaliers sont stables et faciles d’usage. ils ne sont pas trop étroits, ni trop pentus. ','2020-06-24 00:00:00',NULL,0,0,2),(79,11,'J’utilise un appareil d\'appoint pour le chauffage.','Vous n’avez pas besoin d’utiliser des appareils d\'appoints pour vous chauffer (poêle à pétrole, soufflants ou radiateurs électriques sur prise, etc.).','2020-07-28 00:00:00',NULL,0,0,1),(80,11,'L\'installation de gaz n’est pas en bon état','L\'état général des installations est correct et adapté aux normes en vigueur.','2020-07-28 00:00:00',NULL,0,0,1),(81,12,'Les façades ne sont pas en bon état.','Les façades ne présentent pas de risques pour les occupants, le voisinage ou les passants. leur aspect est correct. ','2021-04-20 00:00:00',NULL,0,0,1),(82,12,'La toiture n’est pas en bon état.','La toiture ne présente pas de traces de fuites ou de problèmes évidents d\'isolation. son état ne présente pas un danger pour les occupants, le voisinage ou les passants.','2021-04-20 00:00:00',NULL,0,0,1);
/*!40000 ALTER TABLE `critere` ENABLE KEYS */;
UNLOCK TABLES;

--
-- Table structure for table `criticite`
--

DROP TABLE IF EXISTS `criticite`;
/*!40101 SET @saved_cs_client     = @@character_set_client */;
/*!40101 SET character_set_client = utf8 */;
CREATE TABLE `criticite` (
  `id` int(11) NOT NULL AUTO_INCREMENT,
  `critere_id` int(11) NOT NULL,
  `label` longtext COLLATE utf8mb4_unicode_ci NOT NULL,
  `created_at` datetime NOT NULL COMMENT '(DC2Type:datetime_immutable)',
  `modified_at` datetime DEFAULT NULL COMMENT '(DC2Type:datetime_immutable)',
  `is_archive` tinyint(1) NOT NULL,
  `is_default` tinyint(1) NOT NULL,
  `score` int(11) NOT NULL,
  PRIMARY KEY (`id`),
  KEY `IDX_6F33ED989E5F45AB` (`critere_id`),
  CONSTRAINT `FK_6F33ED989E5F45AB` FOREIGN KEY (`critere_id`) REFERENCES `critere` (`id`)
) ENGINE=InnoDB AUTO_INCREMENT=159 DEFAULT CHARSET=utf8mb4 COLLATE=utf8mb4_unicode_ci;
/*!40101 SET character_set_client = @saved_cs_client */;

--
-- Dumping data for table `criticite`
--

LOCK TABLES `criticite` WRITE;
/*!40000 ALTER TABLE `criticite` DISABLE KEYS */;
INSERT INTO `criticite` VALUES (1,68,'Il n’y a pas de ventilation dans ma salle de bain, mon WC ou ma cuisine.','2022-01-05 15:05:10',NULL,0,0,1),(2,68,'il n’y a pas de ventilation dans au moins deux pièces parmi : les WC, la salle de bain et la cuisine.','2022-01-05 15:05:10',NULL,0,0,2),(3,68,'il n\'y a aucune ventilation dans mon logement.','2022-01-05 15:05:10',NULL,0,0,3),(4,7,'La porte ferme à clef mais difficilement.','2022-01-05 15:05:10','2022-01-25 20:40:03',0,1,1),(5,7,'La porte ferme difficilement et laisse passer l’air. La porte est facile à crocheter, il y a un espace entre le cadre et la porte, et pas d’isolation thermique. ','2022-01-05 15:05:10','2022-01-25 20:40:03',0,0,2),(6,7,'La porte ne se ferme pas ou pas complètement ou s\'ouvre difficilement. Il n\'y a pas de vitre, les matériaux sont dégradés, le digicode est hors service...','2022-01-05 15:05:10','2022-01-25 20:40:03',0,0,3),(7,8,'je circule difficilement.','2022-01-05 15:05:10',NULL,0,0,1),(8,8,'certaines lames de parquet bougent ou sont mal fixées. Il y a des fissures sur le carrelage...','2022-01-05 15:05:10',NULL,0,0,2),(9,8,'le sol risque de s’effondrer. Il est déformé ou attaqué par des parasites (champignon lignivores, termites).','2022-01-05 15:05:10',NULL,0,0,3),(11,10,'les garde-corps sont insuffisants ','2022-01-05 15:05:10','2022-01-25 20:40:03',0,0,1),(12,10,'les garde-corps et mains-courantes sont mal fixées et légèrement instables.','2022-01-05 15:05:10','2022-01-25 20:40:03',0,0,2),(13,10,'Il n\'y a pas de garde-corps, ils sont très abîmés ou mesurent moins de 1 mètre de hauteur.','2022-01-05 15:05:10','2022-01-25 20:40:03',0,0,3),(14,11,'la peinture est sale et non entretenue. ','2022-01-05 15:05:10',NULL,0,0,1),(15,11,'la peinture est écaillée et présente quelques traces d\'humidité...','2022-01-05 15:05:10',NULL,0,0,2),(16,11,'les surfaces sont encrassées, très dégradées et très difficiles à entretenir.','2022-01-05 15:05:10',NULL,0,0,3),(17,13,'il y a de temps en temps des traces d’humidité qui ne restent pas.','2022-01-05 15:05:10',NULL,0,0,1),(18,13,'il y a régulièrement des traces d’humidité.','2022-01-05 15:05:10',NULL,0,0,2),(19,13,'le sol ou la base des murs est très humide.','2022-01-05 15:05:10',NULL,0,0,3),(20,14,'l’installation est récente mais pas terminée.','2022-01-05 15:05:10','2022-01-25 20:40:03',0,0,1),(21,14,'l’installation est vétuste mais sans risque pour les personnes.','2022-01-05 15:05:10','2022-01-25 20:40:03',0,0,2),(22,14,'l’installation n’est pas protégée, pas bien fixée. Les fils électriques sont apparents et dénudés. Elle représente un risque pour les personnes.','2022-01-05 15:05:10','2022-01-25 20:40:03',0,0,3),(23,16,'il y a un détecteur mais l’évacuation du logement est complexe (une seule sortie étroite, étage élevé, absence de fenêtre, escalier peu praticable…).','2022-01-05 15:05:10','2022-01-25 20:40:03',0,0,1),(24,16,'il n’y a pas de détecteur OU l’évacuation du logement est complexe (une seule sortie étroite, étage élevé, absence de fenêtre, escalier peu praticable…).','2022-01-05 15:05:10','2022-01-25 20:40:03',0,0,2),(25,16,'il n’y a pas de détecteur ET l’évacuation du logement est complexe (une seule sortie étroite, étage élevé, absence de fenêtre, escalier peu praticable…).','2022-01-05 15:05:10','2022-01-25 20:40:03',0,0,3),(29,17,'l’équipement est obsolète mais fonctionne encore.','2022-01-05 15:05:10','2022-01-25 20:40:03',0,0,1),(30,17,'l’équipement est obsolète et ne fonctionne plus correctement. ','2022-01-05 15:05:10','2022-01-25 20:40:03',0,0,2),(31,17,'l’équipement est obsolète, mal entretenu, non accessible. Les locaux de chauffage sont mal entretenus et présentent un risque manifeste.','2022-01-05 15:05:10','2022-01-25 20:40:03',0,0,3),(32,18,'il n’y a pas de local poubelle mais les déchets sont stockés dans des récipients corrects.','2022-01-05 15:05:10',NULL,0,0,1),(33,18,'il n’y a ni local poubelle, ni bac pour les ordures mais pas de dépôt sauvage d’ordures.','2022-01-05 15:05:10',NULL,0,0,2),(34,18,'les déchets ne peuvent être stockés nulle part. Il y a des ordures stockées n’importe où à l\'intérieur ou à l\'extérieur du bâtiment.','2022-01-05 15:05:10',NULL,0,0,3),(35,19,'les parties communes sont négligées mais peuvent être utilisées.','2022-01-05 15:05:10',NULL,0,0,1),(36,19,'les parties communes sont mal utilisées, ce qui gêne leur utilisation. ','2022-01-05 15:05:10',NULL,0,0,2),(37,19,'les parties communes et équipements sont mal utilisés ou négligés ce qui empêche régulièrement de les utiliser (locaux encombrés, amoncellement de déchets, graffitis, équipements volontairement dégradés, éclairage mis hors d\'usage, ascenseurs volontairement bloqués, portes enfoncées…). ','2022-01-05 15:05:10',NULL,0,0,3),(38,55,'Les fils électriques mal fixés et risquent de se dénuder ou de se détacher.','2022-01-05 15:05:10','2022-01-25 20:40:03',0,0,1),(39,55,'Les fils électriques sont apparents et mal isolés par endroits.','2022-01-05 15:05:10','2022-01-25 20:40:03',0,0,2),(40,55,'Le réseau électrique semble “bricolé”, anarchique et non protégé. Il n\'y a pas de prise de terre. Des fils dénudés sont apparents. ','2022-01-05 15:05:10','2022-01-25 20:40:03',0,0,3),(41,56,'L’installation électrique est ancienne mais fonctionne sans danger.','2022-01-05 15:05:10',NULL,0,0,1),(42,56,'L’installation électrique est obsolète et présente des risques de contacts directs.','2022-01-05 15:05:10',NULL,0,0,2),(43,56,'L’installation électrique intérieure semble “bricolée”, anarchique, non protégée. Il n\'y a pas de prise de terre.','2022-01-05 15:05:10',NULL,0,0,3),(47,57,'Une ou plusieurs fissures mineures sont visibles, uniquement à l\'intérieur.','2022-01-05 15:05:10',NULL,0,0,1),(48,57,'Fissures mineures à l\'extérieur du logement.','2022-01-05 15:05:10',NULL,0,0,2),(49,57,'Fissures importantes à l\'extérieur ou d\'éclatements profonds sur les murs porteurs.','2022-01-05 15:05:10',NULL,0,0,3),(50,58,'Les sols ou planchers sont abîmés ou ont des défauts.','2022-01-05 15:05:10','2022-01-25 20:40:03',0,0,1),(51,58,'Les sols ou planchers bougent, sont mal fixés ou fissurés.','2022-01-05 15:05:10','2022-01-25 20:40:03',0,0,2),(52,58,'Les sols ou planchers sont affaissés ou déformés. Il y a un risque d\'effondrement.','2022-01-05 15:05:10','2022-01-25 20:40:03',0,0,3),(53,59,'Les garde-corps ou rambardes sont abîmées mais stables.','2022-01-05 15:05:10','2022-01-25 20:40:03',0,0,1),(54,59,'Les garde-corps, mains courantes ou rambardes sont mal fixées et légèrement instables.','2022-01-05 15:05:10','2022-01-25 20:40:03',0,0,2),(55,59,'Il n\'y a pas de garde-corps ou rambardes, elles sont très abîmées ou mesurent moins de 1 mètre de hauteur. ','2022-01-05 15:05:10','2022-01-25 20:40:03',0,0,3),(56,74,'L’éclairage est insuffisant depuis l’accès de la porte d’entrée jusqu\'à 10m de distance. ','2022-01-05 15:05:10','2022-01-25 20:40:03',0,0,1),(57,74,'Seuls l’accès à la porte d’entrée et les parties communes sont éclairées.','2022-01-05 15:05:10','2022-01-25 20:40:03',0,0,2),(58,74,'Il n’y a pas d’éclairage sur l’ensemble de l’accès au logement.','2022-01-05 15:05:10','2022-01-25 20:40:03',0,0,3),(60,77,'il n’y a pas de détecteur OU l’évacuation du logement est complexe (une seule sortie étroite, étage élevé, absence de fenêtre, escalier peu praticable…).','2022-01-05 15:05:10','2022-01-25 20:40:03',0,0,2),(61,77,'il n’y a pas de détecteur ET l’évacuation du logement est complexe (une seule sortie étroite, étage élevé, absence de fenêtre, escalier peu praticable…).','2022-01-05 15:05:10','2022-01-25 20:40:03',0,0,3),(62,77,'il y a un détecteur mais l’évacuation du logement est complexe (une seule sortie étroite, étage élevé, absence de fenêtre, escalier peu praticable…).','2022-01-05 15:05:10','2022-01-25 20:40:03',0,0,1),(65,69,'Infiltration ou fuite d\'air dans le toit, la charpente, les façades, les murs extérieurs. Parfois sensation de courant d\'air.','2022-01-05 15:05:10',NULL,0,0,1),(66,69,'Infiltration ou fuite d\'air dans deux des éléments suivants : toit, charpente, façades, murs extérieurs. Sensation de courant d\'air régulièrement ou ponctuellement.','2022-01-05 15:05:10',NULL,0,0,2),(67,69,'Infiltration ou fuite d\'air dans plus de deux des éléments suivants : toit, charpente, façades, murs extérieurs. Sensation de courant d\'air régulière ou très fréquente.','2022-01-05 15:05:10',NULL,0,0,3),(68,70,'Ma facture stable mais je limite mon chauffage.','2022-01-05 15:05:10',NULL,0,0,1),(69,70,'Ma facture en hausse et je limite mon chauffage. ','2022-01-05 15:05:10',NULL,0,0,2),(70,70,'Ma facture est trop élevée et le chauffage est limité dans le logement. ','2022-01-05 15:05:10',NULL,0,0,3),(71,76,'Le DPE indique une étiquette énergie B ou C. J’ai rarement ou parfois la sensation d\'avoir froid en hiver et/ou très chaud en été.','2022-01-05 15:05:10',NULL,0,0,1),(72,76,'Le DPE indique une étiquette énergie D ou E. J’ai souvent la sensation d\'avoir froid en hiver et/ou très chaud en été.','2022-01-05 15:05:10',NULL,0,0,2),(73,76,'Le DPE indique une étiquette énergie F ou G ou n’a pas été fait. J’ai tout le temps la sensation d\'avoir froid en hiver et/ou très chaud en été.','2022-01-05 15:05:10',NULL,0,0,3),(74,60,'Il y a de l\'humidité mais pas de traces de d\'eau.','2022-01-05 15:05:10',NULL,0,0,1),(75,60,'Il y a des traces d\'eau dans les pièces d’eau uniquement.','2022-01-05 15:05:10',NULL,0,0,2),(76,60,'Il y a des traces d\'eau dans plusieurs des pièces à vivre du logement.','2022-01-05 15:05:10',NULL,0,0,3),(77,61,'une ou des pièces sont humides, mais sans trace de moisissures.','2022-01-05 15:05:10',NULL,0,0,1),(78,61,'il y a des traces de moisissures dans les pièces d’eau uniquement ou de petites traces de moisissures dans l’ensemble du logement. ','2022-01-05 15:05:10',NULL,0,0,2),(79,61,'il y a d’importantes traces de moisissures dans l’ensemble des pièces à vivre. ','2022-01-05 15:05:10',NULL,0,0,3),(80,62,'la peinture est abîmée dans une pièce du logement et il n\'y a pas de plomb dans les peintures (cf DPE).','2022-01-05 15:05:10',NULL,0,0,1),(81,62,'la peinture abîmée dans plusieurs pièces du logement et il n\'y a pas de plomb dans les peintures (cf DPE).','2022-01-05 15:05:10',NULL,0,0,2),(82,62,'la peinture est abîmée dans au moins une pièce du logement et la présence de plomb dans les peintures a été détectée (cf DPE).','2022-01-05 15:05:10',NULL,0,0,3),(86,63,'l y a des toilettes mais elles sont mal isolées par rapport aux pièces à vivre.','2022-01-05 15:05:10',NULL,0,0,1),(87,63,'es toilettes sont défaillantes ou inutilisables. Les toilettes sont accessibles à l’extérieur du logement.','2022-01-05 15:05:10',NULL,0,0,2),(88,63,'il n’y a pas de toilettes accessibles dans le logement (et éventuellement dans l’immeuble).','2022-01-05 15:05:10',NULL,0,0,3),(89,64,'il y a une salle de bain ou salle d’eau mais elle est mal isolée par rapport aux pièces à vivre.','2022-01-05 15:05:10',NULL,0,0,1),(91,64,'il y a une salle de bain ou salle d’eau avec une douche ou une baignoire, mais elle présente de gros défauts de fonctionnement ou d\'hygiène.','2022-01-05 15:05:10',NULL,0,0,2),(92,46,'Non concerné','2022-01-05 15:05:10',NULL,1,0,1),(93,46,'mon logement est situé en sous-sol avec éclairage naturel limité.','2022-01-05 15:05:10',NULL,1,0,2),(94,46,'mon logement situé en sous-sol sans éclairage naturel.','2022-01-05 15:05:10',NULL,0,0,3),(95,47,'mon logement est peu fonctionnel mais je peux vivre dedans.','2022-01-05 15:05:10',NULL,0,0,1),(96,47,'mon logement est mal isolé et j\'ai du mal à y vivre.','2022-01-05 15:05:10',NULL,0,0,2),(97,47,'on logement n’est pas isolé (ou presque) et il est très difficile d’y vivre.','2022-01-05 15:05:10',NULL,0,0,3),(98,48,'Non concerné','2022-01-05 15:05:10',NULL,1,0,1),(99,48,'Il y a une petite ouverture, ou pas du tout de fenêtre soit dans mon salon soit dans ma salle à manger.','2022-01-05 15:05:10',NULL,1,0,2),(100,48,'il n’y a pas de fenêtre ni dans mon salon, ni dans ma salle à manger.','2022-01-05 15:05:10',NULL,0,0,3),(101,50,'Non concerné','2022-01-05 15:05:10',NULL,1,0,1),(102,50,'Non concerné','2022-01-05 15:05:10',NULL,1,0,2),(103,50,'Pièce unique du logement de moins de 9m2','2022-01-05 15:05:10',NULL,0,0,3),(104,52,'Non concerné','2022-01-05 15:05:10',NULL,1,0,1),(105,52,'Non concerné','2022-01-05 15:05:10',NULL,1,0,2),(106,52,'Salon ou salle à manger du logement de moins de 7m2','2022-01-05 15:05:10',NULL,0,0,3),(107,53,'Non concerné','2022-01-05 15:05:10',NULL,1,0,1),(108,53,'Non concerné','2022-01-05 15:05:10',NULL,1,0,2),(109,53,'Hauteur sous plafond du logement de moins de 2.20m','2022-01-05 15:05:10',NULL,0,0,3),(110,54,'L’éclairage naturel est suffisant dans les pièces à vivre seulement.','2022-01-05 15:05:10',NULL,0,0,1),(111,54,'L’éclairage naturel est insuffisant dans une des pièces à vivre.','2022-01-05 15:05:10',NULL,0,0,2),(112,54,'L’éclairage naturel est insuffisant dans plusieurs pièces à vivre.','2022-01-05 15:05:10',NULL,0,0,3),(113,72,'J’entends ponctuellement les bruits générés par la présence des voisins et/ou par les équipements (VMC, évacuation des eaux, climatisation). C’est supportable.','2022-01-05 15:05:10',NULL,0,0,1),(114,72,'J’entends souvent les bruits générés par la présence des voisins et/ou par les équipements.','2022-01-05 15:05:10',NULL,0,0,2),(115,72,'Les bruits générés par la présence des voisins et/ou les équipements sont importants : ils me gênent pour dormir ou le travail (scolaire, à domicile).','2022-01-05 15:05:10',NULL,0,0,3),(116,73,'J’entends du bruit en journée uniquement (y compris circulation routière). Le bruit est modéré.','2022-01-05 15:05:10',NULL,0,0,1),(117,73,'J’entends du bruit en journée ou en soirée. Ça ne me gêne pas si les fenêtres fermées. ','2022-01-05 15:05:10',NULL,0,0,2),(118,73,'J’entends du bruit en journée ou en soirée, même avec les fenêtres fermées. Le bruit est gênant.','2022-01-05 15:05:10',NULL,0,0,3),(119,78,'Les escaliers sont instables ou risquent de s’effondrer. Ils sont affaissés avec de grosses déformations. ','2022-01-05 15:05:10','2022-01-25 20:40:03',0,0,3),(120,78,'Les escaliers sont instables. Ils sont déformés ou il manque des éléments (marches, barreaux, main courante, …). ','2022-01-05 15:05:10','2022-01-25 20:40:03',0,0,2),(121,78,'Les escaliers sont stables mais déformés ou il manque des éléments (marches, barreaux, main courante, …). ','2022-01-05 15:05:10','2022-01-25 20:40:03',0,0,1),(122,9,'Présence de déformations.','2022-01-05 15:05:10',NULL,0,0,1),(123,9,'Les escaliers sont instables. Ils sont déformés ou il manque des éléments (marches, barreaux, main courante, …).','2022-01-05 15:05:10',NULL,0,0,2),(124,9,'Les escaliers sont instables ou risquent de s’effondrer. Ils sont affaissés avec de grosses déformations.','2022-01-05 15:05:10',NULL,0,0,3),(125,39,'Installation fonctionnelle mais manque d\'entretien visible','2022-01-05 15:05:10',NULL,0,0,1),(126,39,'Installation ancienne et manque d\'entretien','2022-01-05 15:05:10',NULL,0,0,2),(127,39,'Installation présentant un manque d\'entretien manifeste et/ou des risques évidents.','2022-01-05 15:05:10',NULL,0,0,3),(128,65,'le chauffage est insuffisant, la chaleur ressentie est trop faible. ','2022-01-05 15:05:10',NULL,0,0,1),(129,65,'le chauffage est insuffisant j\'utilise des appareils d’appoint pour me tenir chaud.','2022-01-05 15:05:10',NULL,0,0,2),(130,65,'il fait très chaud dans mon logement l’été (ex : baies vitrées avec forte exposition au soleil, absence de stores…) ou le système de chauffage ne fonctionne pas en hiver.','2022-01-05 15:05:10',NULL,0,0,3),(131,66,'j\'ai accès à l’eau potable et à l’eau chaude dans le logement mais avec débit limité.','2022-01-05 15:05:10',NULL,0,0,1),(132,66,'j’ai accès à l’eau potable avec risque de plomb dans les canalisations ou je n\'ai pas d\'eau chaude.','2022-01-05 15:05:10',NULL,0,0,2),(133,66,'je n’ai pas accès à l’eau potable ni/ou à l’eau chaude.','2022-01-05 15:05:10',NULL,0,0,3),(134,71,'il n’y a pas de nuisible ni de foyers, mais il y a des voies d’accès potentielles.','2022-01-05 15:05:10',NULL,0,0,1),(135,71,'il n’y a pas de nuisible ni de foyers, mais il y a d’anciens foyers et des voies d’accès potentielles.','2022-01-05 15:05:10',NULL,0,0,2),(136,71,'il y a des traces de nuisibles dans mon logement ce qui est très gênant.','2022-01-05 15:05:10',NULL,0,0,3),(137,75,'j’ai remarqué un reflux ou des odeurs au niveau des points d’eau qui montrent que le système d’évacuation fonctionne mal. ','2022-01-05 15:05:10',NULL,0,0,1),(138,75,'le système d’évacuation est incomplet ou défaillant (exemple : absence de siphon) ou il y a problèmes récurrents de mauvais fonctionnement. ','2022-01-05 15:05:10',NULL,0,0,2),(139,75,'il n’y a pas de système d’évacuation des eaux usées.','2022-01-05 15:05:10',NULL,0,0,3),(140,79,'J’utilise ponctuellement un chauffage d\'appoint.','2022-01-05 15:05:10',NULL,0,0,1),(141,79,'J’utilise régulièrement un chauffage d\'appoint.','2022-01-05 15:05:10',NULL,0,0,2),(142,79,'J’utilise plusieurs chauffages d\'appoint et/ou des pièces principales ne possèdent pas de moyen de chauffage.','2022-01-05 15:05:10',NULL,0,0,3),(143,80,'L’installation de gaz est ancienne mais fonctionne sans danger.','2022-01-05 15:05:10',NULL,0,0,1),(144,80,'L’installation gaz est obsolète et présente des risques potentiels.','2022-01-05 15:05:10',NULL,0,0,2),(145,80,'’installation gaz est endommagée et présente des risques évidents.','2022-01-05 15:05:10',NULL,0,0,3),(146,15,'l’installation est vétuste mais ne présente pas de risque pour les personnes.','2022-01-05 15:05:10','2022-01-25 20:40:03',0,0,1),(147,15,'l’installation est vétuste avec des signes d\'usures évidents.','2022-01-05 15:05:10','2022-01-25 20:40:03',0,0,2),(148,15,'l’installation est vétuste et présente un risque pour les personnes.','2022-01-05 15:05:10','2022-01-25 20:40:03',0,0,3),(149,64,'mon logement n’a pas de salle de bain ou salle d’eau avec une douche ou une baignoire dans le logement.','2022-01-05 15:05:10',NULL,0,0,3),(150,81,'l’état des façades est correct avec de petites fissures extérieures ou de légers défauts apparents.','2022-01-05 15:05:10',NULL,0,0,1),(151,81,'il y a des fissures et/ou traces d\'humidité sur les façades, et/ou des défaut d\'isolation extérieure. ','2022-01-05 15:05:10',NULL,0,0,2),(152,81,'l’état des façades très préoccupant. Il y a des risques de chute d\'éléments de façades et/ou de gouttières et/ou de balcon.','2022-01-05 15:05:10',NULL,0,0,3),(153,82,'La toiture présente de légères traces d\'humidité ou de manque d\'isolation. Des éléments de couverture sont déplacés ou décalés.','2022-01-05 15:05:10',NULL,0,0,1),(154,82,'La toiture n’est pas étanche et manque d\'isolation. Il y a un risque potentiel de chute d\'éléments.','2022-01-05 15:05:10',NULL,0,0,2),(155,82,'La toiture présente des fuites d\'étanchéité et/ou des manques manifeste d\'isolation. Des éléments de couverture sont tombés.','2022-01-05 15:05:10',NULL,0,0,3);
/*!40000 ALTER TABLE `criticite` ENABLE KEYS */;
UNLOCK TABLES;

--
-- Table structure for table `job`
--

DROP TABLE IF EXISTS `job`;
/*!40101 SET @saved_cs_client     = @@character_set_client */;
/*!40101 SET character_set_client = utf8 */;
CREATE TABLE `job` (
  `id` int(11) NOT NULL AUTO_INCREMENT,
  `user_id` int(11) NOT NULL,
  PRIMARY KEY (`id`),
  KEY `IDX_FBD8E0F8A76ED395` (`user_id`),
  CONSTRAINT `FK_FBD8E0F8A76ED395` FOREIGN KEY (`user_id`) REFERENCES `user` (`id`)
) ENGINE=InnoDB DEFAULT CHARSET=utf8mb4 COLLATE=utf8mb4_unicode_ci;
/*!40101 SET character_set_client = @saved_cs_client */;

--
-- Dumping data for table `job`
--

LOCK TABLES `job` WRITE;
/*!40000 ALTER TABLE `job` DISABLE KEYS */;
/*!40000 ALTER TABLE `job` ENABLE KEYS */;
UNLOCK TABLES;

--
-- Table structure for table `partenaire`
--

DROP TABLE IF EXISTS `partenaire`;
/*!40101 SET @saved_cs_client     = @@character_set_client */;
/*!40101 SET character_set_client = utf8 */;
CREATE TABLE `partenaire` (
  `id` int(11) NOT NULL AUTO_INCREMENT,
  `nom` varchar(255) COLLATE utf8mb4_unicode_ci NOT NULL,
  `is_archive` tinyint(1) NOT NULL,
  `is_commune` tinyint(1) NOT NULL,
  `insee` longtext CHARACTER SET utf8mb4 COLLATE utf8mb4_bin NOT NULL CHECK (json_valid(`insee`)),
  `email` varchar(100) COLLATE utf8mb4_unicode_ci DEFAULT NULL,
  `esabora_url` varchar(255) COLLATE utf8mb4_unicode_ci DEFAULT NULL,
  `esabora_token` varchar(255) COLLATE utf8mb4_unicode_ci DEFAULT NULL,
  PRIMARY KEY (`id`)
) ENGINE=InnoDB AUTO_INCREMENT=10 DEFAULT CHARSET=utf8mb4 COLLATE=utf8mb4_unicode_ci;
/*!40101 SET character_set_client = @saved_cs_client */;

--
-- Dumping data for table `partenaire`
--

LOCK TABLES `partenaire` WRITE;
/*!40000 ALTER TABLE `partenaire` DISABLE KEYS */;
INSERT INTO `partenaire` VALUES (1,'Administrateurs HISTOLOGE',0,0,'[\"\"]',NULL,NULL,NULL),(3,'SCHS Mâcon',0,1,'[\"71270\"]','mairie.macon@ville.fr',NULL,NULL),(4,'CAF',0,0,'[\"\"]',NULL,NULL,NULL),(5,'ARS',0,0,'[\"\"]',NULL,NULL,NULL),(6,'Mairie de Chalon-sur-Saône',0,0,'[\"\"]',NULL,NULL,NULL),(7,'DDT',0,0,'[\"\"]','ddt@ddt.gouv.fr',NULL,NULL),(8,'Conseil Départemental',0,0,'[\"\"]','conseiller.logement@cd.fr',NULL,NULL),(9,'Adil',0,0,'[\"\"]',NULL,NULL,NULL);
/*!40000 ALTER TABLE `partenaire` ENABLE KEYS */;
UNLOCK TABLES;

--
-- Table structure for table `signalement`
--

DROP TABLE IF EXISTS `signalement`;
/*!40101 SET @saved_cs_client     = @@character_set_client */;
/*!40101 SET character_set_client = utf8 */;
CREATE TABLE `signalement` (
  `id` int(11) NOT NULL AUTO_INCREMENT,
  `details` longtext COLLATE utf8mb4_unicode_ci NOT NULL,
  `photos` longtext CHARACTER SET utf8mb4 COLLATE utf8mb4_bin DEFAULT NULL CHECK (json_valid(`photos`)),
  `is_proprio_averti` tinyint(1) DEFAULT NULL,
  `nb_adultes` varchar(255) COLLATE utf8mb4_unicode_ci DEFAULT NULL,
  `nb_enfants_m6` varchar(255) COLLATE utf8mb4_unicode_ci DEFAULT NULL,
  `nb_enfants_p6` varchar(255) COLLATE utf8mb4_unicode_ci DEFAULT NULL,
  `is_allocataire` varchar(3) COLLATE utf8mb4_unicode_ci DEFAULT NULL,
  `num_allocataire` varchar(25) COLLATE utf8mb4_unicode_ci DEFAULT NULL,
  `nature_logement` varchar(15) COLLATE utf8mb4_unicode_ci DEFAULT NULL,
  `type_logement` varchar(15) COLLATE utf8mb4_unicode_ci DEFAULT NULL,
  `superficie` double DEFAULT NULL,
  `loyer` double DEFAULT NULL,
  `is_bail_en_cours` tinyint(1) DEFAULT NULL,
  `date_entree` date DEFAULT NULL,
  `nom_proprio` varchar(255) COLLATE utf8mb4_unicode_ci DEFAULT NULL,
  `adresse_proprio` varchar(255) COLLATE utf8mb4_unicode_ci DEFAULT NULL,
  `tel_proprio` varchar(15) COLLATE utf8mb4_unicode_ci DEFAULT NULL,
  `mail_proprio` varchar(255) COLLATE utf8mb4_unicode_ci DEFAULT NULL,
  `is_logement_social` tinyint(1) DEFAULT NULL,
  `is_preavis_depart` tinyint(1) DEFAULT NULL,
  `is_relogement` tinyint(1) DEFAULT NULL,
  `is_refus_intervention` tinyint(1) DEFAULT NULL,
  `raison_refus_intervention` longtext COLLATE utf8mb4_unicode_ci DEFAULT NULL,
  `is_not_occupant` tinyint(1) DEFAULT NULL,
  `nom_declarant` varchar(50) COLLATE utf8mb4_unicode_ci DEFAULT NULL,
  `prenom_declarant` varchar(50) COLLATE utf8mb4_unicode_ci DEFAULT NULL,
  `tel_declarant` varchar(15) COLLATE utf8mb4_unicode_ci DEFAULT NULL,
  `mail_declarant` varchar(50) COLLATE utf8mb4_unicode_ci DEFAULT NULL,
  `structure_declarant` varchar(50) COLLATE utf8mb4_unicode_ci DEFAULT NULL,
  `nom_occupant` varchar(50) COLLATE utf8mb4_unicode_ci NOT NULL,
  `prenom_occupant` varchar(50) COLLATE utf8mb4_unicode_ci NOT NULL,
  `tel_occupant` varchar(15) COLLATE utf8mb4_unicode_ci DEFAULT NULL,
  `mail_occupant` varchar(50) COLLATE utf8mb4_unicode_ci DEFAULT NULL,
  `adresse_occupant` varchar(100) COLLATE utf8mb4_unicode_ci NOT NULL,
  `cp_occupant` varchar(5) COLLATE utf8mb4_unicode_ci NOT NULL,
  `ville_occupant` varchar(100) COLLATE utf8mb4_unicode_ci NOT NULL,
  `is_cgu_accepted` tinyint(1) NOT NULL,
  `modified_by_id` int(11) DEFAULT NULL,
  `created_at` datetime NOT NULL COMMENT '(DC2Type:datetime_immutable)',
  `modified_at` datetime DEFAULT NULL COMMENT '(DC2Type:datetime_immutable)',
  `documents` longtext CHARACTER SET utf8mb4 COLLATE utf8mb4_bin DEFAULT NULL CHECK (json_valid(`documents`)),
  `statut` int(11) NOT NULL,
  `reference` varchar(100) COLLATE utf8mb4_unicode_ci NOT NULL,
  `json_content` longtext CHARACTER SET utf8mb4 COLLATE utf8mb4_bin NOT NULL CHECK (json_valid(`json_content`)),
  `geoloc` longtext CHARACTER SET utf8mb4 COLLATE utf8mb4_bin NOT NULL CHECK (json_valid(`geoloc`)),
  `uuid` varchar(255) COLLATE utf8mb4_unicode_ci NOT NULL,
  `date_visite` datetime DEFAULT NULL COMMENT '(DC2Type:datetime_immutable)',
  `is_occupant_present_visite` tinyint(1) DEFAULT NULL,
  `montant_allocation` double DEFAULT NULL,
  `is_situation_handicap` tinyint(1) NOT NULL,
  `code_procedure` varchar(255) COLLATE utf8mb4_unicode_ci DEFAULT NULL,
  `score_creation` double NOT NULL,
  `score_cloture` double DEFAULT NULL,
  `etage_occupant` varchar(25) COLLATE utf8mb4_unicode_ci DEFAULT NULL,
  `escalier_occupant` varchar(25) COLLATE utf8mb4_unicode_ci DEFAULT NULL,
  `num_appart_occupant` varchar(25) COLLATE utf8mb4_unicode_ci DEFAULT NULL,
  `adresse_autre_occupant` varchar(255) COLLATE utf8mb4_unicode_ci DEFAULT NULL,
  `mode_contact_proprio` longtext CHARACTER SET utf8mb4 COLLATE utf8mb4_bin DEFAULT NULL CHECK (json_valid(`mode_contact_proprio`)),
  `insee_occupant` varchar(255) COLLATE utf8mb4_unicode_ci DEFAULT NULL,
  `code_suivi` varchar(255) COLLATE utf8mb4_unicode_ci DEFAULT NULL,
  `lien_declarant_occupant` varchar(255) COLLATE utf8mb4_unicode_ci DEFAULT NULL,
  `is_consentement_tiers` tinyint(1) DEFAULT NULL,
  `validated_at` datetime DEFAULT NULL COMMENT '(DC2Type:datetime_immutable)',
  `is_rsa` tinyint(1) DEFAULT NULL,
  `prorio_averti_at` datetime DEFAULT NULL COMMENT '(DC2Type:datetime_immutable)',
  `annee_construction` int(11) DEFAULT NULL,
  `type_energie_logement` varchar(50) COLLATE utf8mb4_unicode_ci DEFAULT NULL,
  `origine_signalement` varchar(255) COLLATE utf8mb4_unicode_ci DEFAULT NULL,
  `situation_occupant` varchar(255) COLLATE utf8mb4_unicode_ci DEFAULT NULL,
  `situation_pro_occupant` varchar(255) COLLATE utf8mb4_unicode_ci DEFAULT NULL,
  `naissance_occupant_at` datetime DEFAULT NULL COMMENT '(DC2Type:datetime_immutable)',
  `is_logement_collectif` tinyint(1) DEFAULT NULL,
  `is_construction_avant1949` tinyint(1) DEFAULT NULL,
  `is_diag_socio_technique` tinyint(1) DEFAULT NULL,
  `is_fond_solidarite_logement` tinyint(1) DEFAULT NULL,
  `is_risque_sur_occupation` tinyint(1) DEFAULT NULL,
  `proprio_averti_at` datetime DEFAULT NULL COMMENT '(DC2Type:datetime_immutable)',
  `nom_referent_social` varchar(255) COLLATE utf8mb4_unicode_ci DEFAULT NULL,
  `structure_referent_social` varchar(255) COLLATE utf8mb4_unicode_ci DEFAULT NULL,
  `mail_syndic` varchar(255) COLLATE utf8mb4_unicode_ci DEFAULT NULL,
  `nom_sci` varchar(255) COLLATE utf8mb4_unicode_ci DEFAULT NULL,
  `nom_representant_sci` varchar(255) COLLATE utf8mb4_unicode_ci DEFAULT NULL,
  `tel_sci` varchar(12) COLLATE utf8mb4_unicode_ci DEFAULT NULL,
  `mail_sci` varchar(255) COLLATE utf8mb4_unicode_ci DEFAULT NULL,
  `tel_syndic` varchar(12) COLLATE utf8mb4_unicode_ci DEFAULT NULL,
  `nom_syndic` varchar(255) COLLATE utf8mb4_unicode_ci DEFAULT NULL,
  `numero_invariant` varchar(255) COLLATE utf8mb4_unicode_ci DEFAULT NULL,
  `nb_pieces_logement` int(11) DEFAULT NULL,
  `nb_chambres_logement` int(11) DEFAULT NULL,
  `nb_niveaux_logement` int(11) DEFAULT NULL,
  `nb_occupants_logement` int(11) DEFAULT NULL,
  `motif_cloture` varchar(255) COLLATE utf8mb4_unicode_ci DEFAULT NULL,
  `closed_at` datetime DEFAULT NULL COMMENT '(DC2Type:datetime_immutable)',
  `tel_occupant_bis` varchar(15) COLLATE utf8mb4_unicode_ci DEFAULT NULL,
  PRIMARY KEY (`id`),
  UNIQUE KEY `UNIQ_F4B55114AEA34913` (`reference`),
  KEY `IDX_F4B5511499049ECE` (`modified_by_id`),
  CONSTRAINT `FK_F4B5511499049ECE` FOREIGN KEY (`modified_by_id`) REFERENCES `user` (`id`)
) ENGINE=InnoDB AUTO_INCREMENT=48 DEFAULT CHARSET=utf8mb4 COLLATE=utf8mb4_unicode_ci;
/*!40101 SET character_set_client = @saved_cs_client */;

--
-- Dumping data for table `signalement`
--

LOCK TABLES `signalement` WRITE;
/*!40000 ALTER TABLE `signalement` DISABLE KEYS */;
INSERT INTO `signalement` VALUES (1,'Les escaliers métalliques se sont affaissés et j\'ai fais une chute de 3 mètres suite à laquelle j\'ai été hospitalisé (problèmes de santé sérieux suite à l\'hospitalisation et incapacité temporaire de travail).','[]',0,'2',NULL,NULL,'0',NULL,NULL,NULL,NULL,NULL,NULL,NULL,'Michel Dupont','35 Avenue de Paris 71100 Chalon-sur-Saône','0612345678','michel.dupont@test.fr',0,0,NULL,NULL,NULL,0,NULL,NULL,NULL,NULL,NULL,'Martins','Nicolas','0612345678','nicolas.martins@test.fr','37 Avenue de Paris','71100','Chalon-sur-Saône',1,4,'2022-02-28 13:17:12','2022-03-29 10:25:00','[]',2,'2022-1','{\"9\":{\"critere\":{\"7\":{\"criticite\":{\"6\":{\"label\":\"La porte ne se ferme pas ou pas compl\\u00e8tement ou s\'ouvre difficilement. Il n\'y a pas de vitre, les mat\\u00e9riaux sont d\\u00e9grad\\u00e9s, le digicode est hors service...\",\"score\":3}},\"label\":\"L\'entr\\u00e9e du b\\u00e2timent est ab\\u00eem\\u00e9e ou mal s\\u00e9curis\\u00e9e\"},\"10\":{\"criticite\":{\"13\":{\"label\":\"Il n\'y a pas de garde-corps, ils sont tr\\u00e8s ab\\u00eem\\u00e9s ou mesurent moins de 1 m\\u00e8tre de hauteur.\",\"score\":3}},\"label\":\"Le b\\u00e2timent n\\u2019est pas s\\u00e9curis\\u00e9 contre les chutes.\"},\"14\":{\"criticite\":{\"20\":{\"label\":\"l\\u2019installation est r\\u00e9cente mais pas termin\\u00e9e.\",\"score\":1}},\"label\":\"L\\u2019installation du r\\u00e9seau \\u00e9lectrique a un probl\\u00e8me.\"}},\"label\":\"la s\\u00e9curit\\u00e9 des occupants\"}}','{\"lat\":\"2.736639\",\"lng\":\"46.130143\"}','621ccb58a5fed',NULL,0,NULL,0,NULL,100,NULL,NULL,NULL,NULL,NULL,'[]','63293','d61a5ef1b113fd1b682531338eac48db',NULL,NULL,'2022-03-29 09:53:48',NULL,NULL,NULL,NULL,NULL,NULL,NULL,NULL,NULL,NULL,NULL,NULL,NULL,NULL,NULL,NULL,NULL,NULL,NULL,NULL,NULL,NULL,NULL,NULL,NULL,NULL,NULL,NULL,NULL,NULL,NULL),(2,'1) Le volet électrique du salon est bloqué en position fermé à un tiers. Comme le logement est en rez-de-chaussée, la luminosité est faible toute l\'année et nous devons allumer la lumière. 2) Des fils électriques sortent des murs dans une chambre et le couloir. L\'installation électrique anarchique de la lampe de la cuisine a créé un faux contact et nous n\'avons plus de lumière dans la cuisine. 3) Nous avons très peu de débit lorsqu\'on allume l\'eau chaude. Parfois, la chaudière se coupe et nous n\'avons plus d\'eau chaude et de chauffage. Lors de l\'entretien annuel de chaudière, le chauffagiste nous a expliqué qu\'il y a une pièce à changer.','[{\"file\":\"blob-621e536931f62-6242e6c03c3de.png\",\"titre\":\"blob-621e536931f62.png\",\"user\":1},{\"file\":\"blob-62333b92c43f9-6242e6c03c5e1.png\",\"titre\":\"blob-62333b92c43f9.png\",\"user\":1},{\"file\":\"blob-62333b92c423e-6242e6c03c768.png\",\"titre\":\"blob-62333b92c423e.png\",\"user\":1}]',1,'2',NULL,NULL,'CAF',NULL,NULL,NULL,NULL,NULL,NULL,NULL,'Monsieur Rivière',NULL,NULL,NULL,1,0,NULL,NULL,NULL,0,NULL,NULL,NULL,NULL,NULL,'Catherine','Deshaye','0606060606','catherine.Deshaye@test.fr','11 Place Saint Pierre','71000','Mâcon',1,1,'2022-02-28 13:17:16','2022-03-29 09:54:22','[]',2,'2022-2','{\"9\":{\"critere\":{\"7\":{\"criticite\":{\"6\":{\"label\":\"La porte ne se ferme pas ou pas compl\\u00e8tement ou s\'ouvre difficilement. Il n\'y a pas de vitre, les mat\\u00e9riaux sont d\\u00e9grad\\u00e9s, le digicode est hors service...\",\"score\":3}},\"label\":\"L\'entr\\u00e9e du b\\u00e2timent est ab\\u00eem\\u00e9e ou mal s\\u00e9curis\\u00e9e\"},\"14\":{\"criticite\":{\"21\":{\"label\":\"l\\u2019installation est v\\u00e9tuste mais sans risque pour les personnes.\",\"score\":2}},\"label\":\"L\\u2019installation du r\\u00e9seau \\u00e9lectrique a un probl\\u00e8me.\"},\"55\":{\"criticite\":{\"40\":{\"label\":\"Le r\\u00e9seau \\u00e9lectrique semble \\u201cbricol\\u00e9\\u201d, anarchique et non prot\\u00e9g\\u00e9. Il n\'y a pas de prise de terre. Des fils d\\u00e9nud\\u00e9s sont apparents. \",\"score\":3}},\"label\":\"Fils \\u00e9lectriques d\\u00e9nud\\u00e9s\"},\"58\":{\"criticite\":{\"51\":{\"label\":\"Les sols ou planchers bougent, sont mal fix\\u00e9s ou fissur\\u00e9s.\",\"score\":2}},\"label\":\"Les planchers sont dangereux.\"},\"59\":{\"criticite\":{\"55\":{\"label\":\"Il n\'y a pas de garde-corps ou rambardes, elles sont tr\\u00e8s ab\\u00eem\\u00e9es ou mesurent moins de 1 m\\u00e8tre de hauteur. \",\"score\":3}},\"label\":\"Les garde-corps ou rambardes sont dangereuses.\"}},\"label\":\"la s\\u00e9curit\\u00e9 des occupants\"},\"10\":{\"critere\":{\"71\":{\"criticite\":{\"136\":{\"label\":\"il y a des traces de nuisibles dans mon logement ce qui est tr\\u00e8s g\\u00eanant.\",\"score\":3}},\"label\":\"Il y a des nuisibles dans mon logement (blattes, punaises de lit, rongeurs...).\"}},\"label\":\"l\'\\u00e9tat et propret\\u00e9 du logement\"}}','{\"lat\":\"2.736639\",\"lng\":\"46.130143\"}','621ccb5c49afd',NULL,0,NULL,0,NULL,100,NULL,NULL,NULL,NULL,NULL,'[]','63293','4b00e25d2637a20bf8807c00423a5b94',NULL,NULL,'2022-03-29 11:00:01',NULL,NULL,NULL,NULL,NULL,NULL,NULL,NULL,NULL,NULL,NULL,NULL,NULL,NULL,NULL,NULL,NULL,NULL,NULL,NULL,NULL,NULL,NULL,NULL,NULL,NULL,NULL,NULL,NULL,NULL,NULL),(3,'Le logement est insalubre et indécent. Il est mal isolé, très humide, plein de moisissures et inchauffable. Il y a des déperditions de chaleur et j\'arrive à 182 euros de chauffage par mois. Je suis asthmatique sévère et mon asthme se dégrade depuis mon emménagement. Ma fille de 6 ans qui vit avec moi est constamment enrhumée. Les prises électriques ne tiennent pas au mur pour la plupart. Les murs craquellent, la porte d\'entrée n\'isole pas du froid, ni du bruit. Les fenêtres du salon laissent entrer l\'eau. 2 médecins ont constaté que mon état de santé se dégrade. Une demande de logement social a été faite mais j\'ai peur que cela prenne beaucoup de temps.','[{\"file\":\"blob-62333b92c43f9-6242d98177ef2.png\",\"titre\":\"blob-62333b92c43f9.png\",\"user\":1},{\"file\":\"blob-62333b92c423e-6242d981780f8.png\",\"titre\":\"blob-62333b92c423e.png\",\"user\":1},{\"file\":\"blob-62333b92c3f41-6242d981782a8.png\",\"titre\":\"blob-62333b92c3f41.png\",\"user\":1},{\"file\":\"blob-62333b92c3d5e-6242d9817846e.png\",\"titre\":\"blob-62333b92c3d5e.png\",\"user\":1}]',0,'2',NULL,NULL,'CAF',NULL,NULL,NULL,NULL,NULL,NULL,NULL,'Patrick Cousin',NULL,'0405060302','patrick.cousin@test.fr',0,0,NULL,NULL,NULL,0,NULL,NULL,NULL,NULL,NULL,'Jean','Maison','0606060606','jean.maison@test.fr','102 Rue Anatole France','71000','Mâcon',1,1,'2022-02-28 13:17:20','2022-03-29 10:01:44','[]',2,'2022-3','{\"9\":{\"critere\":{\"17\":{\"criticite\":{\"30\":{\"label\":\"l\\u2019\\u00e9quipement est obsol\\u00e8te et ne fonctionne plus correctement. \",\"score\":2}},\"label\":\"Le chauffage collectif est obsol\\u00e8te.\"}},\"label\":\"la s\\u00e9curit\\u00e9 des occupants\"},\"10\":{\"critere\":{\"60\":{\"criticite\":{\"75\":{\"label\":\"Il y a des traces d\'eau dans les pi\\u00e8ces d\\u2019eau uniquement.\",\"score\":2}},\"label\":\"De l\'eau s\\u2019infiltre dans mon logement.\"},\"61\":{\"criticite\":{\"78\":{\"label\":\"il y a des traces de moisissures dans les pi\\u00e8ces d\\u2019eau uniquement ou de petites traces de moisissures dans l\\u2019ensemble du logement. \",\"score\":2}},\"label\":\"Il y a des traces importantes de moisissures.\"}},\"label\":\"l\'\\u00e9tat et propret\\u00e9 du logement\"},\"11\":{\"critere\":{\"65\":{\"criticite\":{\"129\":{\"label\":\"le chauffage est insuffisant j\'utilise des appareils d\\u2019appoint pour me tenir chaud.\",\"score\":2}},\"label\":\"Le chauffage ne fonctionne pas bien.\"},\"76\":{\"criticite\":{\"73\":{\"label\":\"Le DPE indique une \\u00e9tiquette \\u00e9nergie F ou G ou n\\u2019a pas \\u00e9t\\u00e9 fait. J\\u2019ai tout le temps la sensation d\'avoir froid en hiver et\\/ou tr\\u00e8s chaud en \\u00e9t\\u00e9.\",\"score\":3}},\"label\":\"Mon logement est mal isol\\u00e9.\"}},\"label\":\"le confort du logement\"}}','{\"lat\":\"2.736639\",\"lng\":\"46.130143\"}','621ccb60d9f89',NULL,0,NULL,0,NULL,8.130081300813,NULL,NULL,NULL,NULL,NULL,'[]','63293','c8c06126bc5373bfde11a1520156f225',NULL,NULL,'2022-03-29 10:03:34',NULL,NULL,NULL,NULL,NULL,NULL,NULL,NULL,NULL,NULL,NULL,NULL,NULL,NULL,NULL,NULL,NULL,NULL,NULL,NULL,NULL,NULL,NULL,NULL,NULL,NULL,NULL,NULL,NULL,NULL,NULL),(4,'Humidité, moisissures','[{\"file\":\"20220308-153032B-622f2c87eb817-6242d9f34b8b4.jpg\",\"titre\":\"20220308-153032B-622f2c87eb817.jpg\",\"user\":4},{\"file\":\"20220308-153120B-622f2c87eb9f2-6242d9f34baa8.jpg\",\"titre\":\"20220308-153120B-622f2c87eb9f2.jpg\",\"user\":4},{\"file\":\"20220308-153522B-622f2c87ebb89-6242d9f34bc40.jpg\",\"titre\":\"20220308-153522B-622f2c87ebb89.jpg\",\"user\":4},{\"file\":\"20220308-154219B-622f2c87ebd84-6242d9f34bdd1.jpg\",\"titre\":\"20220308-154219B-622f2c87ebd84.jpg\",\"user\":4},{\"file\":\"20220308-154540B-622f2c87ebcb2-6242d9f34bea6.jpg\",\"titre\":\"20220308-154540B-622f2c87ebcb2.jpg\",\"user\":4}]',0,'2','2','4','CAF',NULL,NULL,NULL,NULL,NULL,NULL,NULL,'SEMSEM',NULL,NULL,NULL,1,0,NULL,NULL,NULL,1,'Dupont','Armelle','0612345678','armelle.dupont@test.fr','Conseiller logement du conseil départemental','Laloux','Xavier','0612345678','xavier.laloux@test.fr','21 Rue Greuze','71100','Chalon-sur-Saône',1,4,'2022-03-01 15:52:35','2022-03-29 10:35:15','[]',2,'2022-4','{\"9\":{\"critere\":{\"7\":{\"criticite\":{\"6\":{\"label\":\"La porte ne se ferme pas ou pas compl\\u00e8tement ou s\'ouvre difficilement. Il n\'y a pas de vitre, les mat\\u00e9riaux sont d\\u00e9grad\\u00e9s, le digicode est hors service...\",\"score\":3}},\"label\":\"L\'entr\\u00e9e du b\\u00e2timent est ab\\u00eem\\u00e9e ou mal s\\u00e9curis\\u00e9e\"}},\"label\":\"la s\\u00e9curit\\u00e9 des occupants\"},\"10\":{\"critere\":{\"13\":{\"criticite\":{\"18\":{\"label\":\"il y a r\\u00e9guli\\u00e8rement des traces d\\u2019humidit\\u00e9.\",\"score\":2}},\"label\":\"Les sols sont humides.\"},\"57\":{\"criticite\":{\"48\":{\"label\":\"Fissures mineures \\u00e0 l\'ext\\u00e9rieur du logement.\",\"score\":2}},\"label\":\"Les murs ont des fissures.\"},\"60\":{\"criticite\":{\"75\":{\"label\":\"Il y a des traces d\'eau dans les pi\\u00e8ces d\\u2019eau uniquement.\",\"score\":2}},\"label\":\"De l\'eau s\\u2019infiltre dans mon logement.\"},\"61\":{\"criticite\":{\"79\":{\"label\":\"il y a d\\u2019importantes traces de moisissures dans l\\u2019ensemble des pi\\u00e8ces \\u00e0 vivre. \",\"score\":3}},\"label\":\"Il y a des traces importantes de moisissures.\"}},\"label\":\"l\'\\u00e9tat et propret\\u00e9 du logement\"}}','{\"lat\":\"-0.90689\",\"lng\":\"46.883417\"}','621e4143dd767',NULL,0,NULL,0,NULL,100,NULL,'3','B','321',NULL,'[]','85082','14ca8a601a7dbe85766b2f323665df8e','PROFESSIONNEL',NULL,'2022-03-29 10:05:27',NULL,NULL,NULL,NULL,NULL,NULL,NULL,NULL,NULL,NULL,NULL,NULL,NULL,NULL,NULL,NULL,NULL,NULL,NULL,NULL,NULL,NULL,NULL,NULL,NULL,NULL,NULL,NULL,'LOCATAIRE PARTI','2022-03-29 11:00:01',NULL),(5,'Le salon, la salle à manger et le bureau sont en demi sous-sol et sont inondables (2 inondations en 2 mois) : remontées d\'eau par les murs et les sols, les murs sont marqués de traces d\'humidité (malgré mise en peinture récente par mes soins), traces d\'humidité au plafond. Le plafond de ce sous-sol présente plusieurs fissures (environ 50 centimètres à 1 mètre de longueur). Il y a également une fissure sur toute la hauteur du mur de l\'entrée de mon logement (environ 2m50). La VMC de la salle à manger est branchée en direct.','[{\"file\":\"blob-621e5369321fa-6242dc9a4e327.png\",\"titre\":\"blob-621e5369321fa.png\",\"user\":1},{\"file\":\"blob-621e536932124-6242dc9a4e532.png\",\"titre\":\"blob-621e536932124.png\",\"user\":1},{\"file\":\"blob-621e53693205a-6242dc9a4e6a8.png\",\"titre\":\"blob-621e53693205a.png\",\"user\":1},{\"file\":\"blob-621e536931f62-6242dc9a4e811.png\",\"titre\":\"blob-621e536931f62.png\",\"user\":1}]',0,'2','2',NULL,'CAF','13345689',NULL,NULL,NULL,NULL,NULL,NULL,'Monsieur Déraire',NULL,'0203010405','c.deraire@test.fr',0,0,NULL,NULL,NULL,0,NULL,NULL,NULL,NULL,NULL,'Frédérique','Rivière','0102030405','frederique.riviere@test.fr','49 Boulevard des 9 Cles','71000','Mâcon',1,1,'2022-03-01 19:09:25','2022-03-29 10:13:48','[]',2,'2022-5','{\"10\":{\"critere\":{\"13\":{\"criticite\":{\"19\":{\"label\":\"le sol ou la base des murs est tr\\u00e8s humide.\",\"score\":3}},\"label\":\"Les sols sont humides.\"},\"57\":{\"criticite\":{\"47\":{\"label\":\"Une ou plusieurs fissures mineures sont visibles, uniquement \\u00e0 l\'int\\u00e9rieur.\",\"score\":1}},\"label\":\"Les murs ont des fissures.\"},\"61\":{\"criticite\":{\"78\":{\"label\":\"il y a des traces de moisissures dans les pi\\u00e8ces d\\u2019eau uniquement ou de petites traces de moisissures dans l\\u2019ensemble du logement. \",\"score\":2}},\"label\":\"Il y a des traces importantes de moisissures.\"},\"62\":{\"criticite\":{\"81\":{\"label\":\"la peinture ab\\u00eem\\u00e9e dans plusieurs pi\\u00e8ces du logement et il n\'y a pas de plomb dans les peintures (cf DPE).\",\"score\":2}},\"label\":\"La peinture est \\u00e9caill\\u00e9e par endroits.\"}},\"label\":\"l\'\\u00e9tat et propret\\u00e9 du logement\"},\"12\":{\"critere\":{\"9\":{\"criticite\":{\"123\":{\"label\":\"Les escaliers sont instables. Ils sont d\\u00e9form\\u00e9s ou il manque des \\u00e9l\\u00e9ments (marches, barreaux, main courante, \\u2026).\",\"score\":2}},\"label\":\"Les escaliers sont ab\\u00eem\\u00e9s.\"}},\"label\":\"l\'\\u00e9tat du b\\u00e2timent\"}}','{\"lat\":\"6.060785\",\"lng\":\"43.405596\"}','621e6f652456f',NULL,0,NULL,0,NULL,5.9620596205962,NULL,NULL,NULL,NULL,NULL,'[]','83023','caf1dfcbc3de859149dbc5c3a6bdd780',NULL,NULL,'2022-03-29 10:15:29',NULL,NULL,NULL,NULL,NULL,NULL,NULL,NULL,NULL,NULL,NULL,NULL,NULL,NULL,NULL,NULL,NULL,NULL,NULL,NULL,NULL,NULL,NULL,NULL,NULL,NULL,NULL,NULL,NULL,NULL,NULL),(6,'Ancienne grange transformée en logement . Absence de ventilation dans la cuisine . Porte entrée non étanche . Humidité, condensation, les murs sont humides, moisissures . L\'eau remonte du sol, le carrelage est toujours mouillé (risque de chute) . Le propriétaire ne veut pas faire de travaux (depuis le courrier du locataire: installation en cours d\'une VMC dans la cuisine).','[]',1,'2',NULL,NULL,'MSA',NULL,NULL,NULL,NULL,NULL,NULL,NULL,'Aymeric Tableur','0612345678',NULL,NULL,0,0,NULL,NULL,NULL,1,'Gerard','Caroline','0612345678','caroline.gerard@test.fr',NULL,'Carla','Frison','0612345678','carla.frison@test.fr','Rue Doneau','71100','Chalon-sur-Saône',1,4,'2022-03-01 19:10:31','2022-03-29 10:25:31','[]',2,'2022-6','{\"10\":{\"critere\":{\"13\":{\"criticite\":{\"19\":{\"label\":\"le sol ou la base des murs est tr\\u00e8s humide.\",\"score\":3}},\"label\":\"Les sols sont humides.\"},\"60\":{\"criticite\":{\"76\":{\"label\":\"Il y a des traces d\'eau dans plusieurs des pi\\u00e8ces \\u00e0 vivre du logement.\",\"score\":3}},\"label\":\"De l\'eau s\\u2019infiltre dans mon logement.\"}},\"label\":\"l\'\\u00e9tat et propret\\u00e9 du logement\"},\"11\":{\"critere\":{\"65\":{\"criticite\":{\"129\":{\"label\":\"le chauffage est insuffisant j\'utilise des appareils d\\u2019appoint pour me tenir chaud.\",\"score\":2}},\"label\":\"Le chauffage ne fonctionne pas bien.\"},\"68\":{\"criticite\":{\"1\":{\"label\":\"Il n\\u2019y a pas de ventilation dans ma salle de bain, mon WC ou ma cuisine.\",\"score\":1}},\"label\":\"J\'ai un probl\\u00e8me de ventilation dans mon logement.\"},\"69\":{\"criticite\":{\"65\":{\"label\":\"Infiltration ou fuite d\'air dans le toit, la charpente, les fa\\u00e7ades, les murs ext\\u00e9rieurs. Parfois sensation de courant d\'air.\",\"score\":1}},\"label\":\"De l\\u2019air s\\u2019infiltre dans mon logement.\"}},\"label\":\"le confort du logement\"}}','{\"lat\":\"3.25644\",\"lng\":\"45.88827\"}','621e6fa785da1',NULL,0,NULL,0,NULL,29.810298102981,NULL,NULL,NULL,NULL,NULL,'[]','63149','ca400d34bdf7b11482c778d087146ed3','VOISIN',NULL,'2022-03-29 10:18:27',NULL,NULL,NULL,NULL,NULL,NULL,NULL,NULL,NULL,NULL,NULL,NULL,NULL,NULL,NULL,NULL,NULL,NULL,NULL,NULL,NULL,NULL,NULL,NULL,NULL,NULL,NULL,NULL,NULL,NULL,NULL),(7,'J ai pu rencontrer cette famille suite au suivi du cancer évolutif de Monsieur âgé de 52 ans qui vit avec son épouse qui a elle même des séquelles, la belle mère âgée de 80 ans vit sur place. Il y a également un fils Mr Lefebvre Gilbert qui est revenu vivre chez ses parents, il est joignable : 06 63 61 42 42\r\nJe suis infirmière chez Eollis et fait la déclaration pour cette famille Mr et Mme LEFEBVRE Jean Michel car leur logement est dégradé et ils ont froid,le poêle à granulés ne fonctionne pas. Incapable de démarcher. Propriétaires de leur logement.','[{\"file\":\"sgzMGBYSd4Sg1CYS1SrtRLRls-3-6242e1cb1d26c.jpg\",\"titre\":\"sgzMGBYSd4Sg1CYS1SrtRLRls_3.jpg\",\"user\":1},{\"file\":\"sgzMGBYSd4Sg1CYS1SrtRLRls-2-6242e1cb1d410.jpg\",\"titre\":\"sgzMGBYSd4Sg1CYS1SrtRLRls_2.jpg\",\"user\":1}]',1,'2',NULL,NULL,'CAF',NULL,NULL,NULL,NULL,NULL,NULL,NULL,'Alfred Dumont',NULL,'0506030405','Alfred.dumont@test.fr',0,0,NULL,NULL,NULL,1,'Jeanne','Frère','0102030405','jeanne.frere@departement.fr',NULL,'George','Allemand','0102030405','george.allemand@test.fr','Rue Nelson Mandela','71000','Mâcon',1,1,'2022-03-01 19:11:47','2022-03-29 10:38:13','[{\"file\":\"histologe-presentation-admin-territoire-V3-fev2022-623880f8ad23a.pdf\",\"titre\":\"histologe-presentation-admin-territoire-V3-fev2022.pdf\",\"user\":1}]',2,'2022-7','{\"9\":{\"critere\":{\"14\":{\"criticite\":{\"21\":{\"label\":\"l\\u2019installation est v\\u00e9tuste mais sans risque pour les personnes.\",\"score\":2}},\"label\":\"L\\u2019installation du r\\u00e9seau \\u00e9lectrique a un probl\\u00e8me.\"}},\"label\":\"la s\\u00e9curit\\u00e9 des occupants\"},\"11\":{\"critere\":{\"65\":{\"criticite\":{\"130\":{\"label\":\"il fait tr\\u00e8s chaud dans mon logement l\\u2019\\u00e9t\\u00e9 (ex : baies vitr\\u00e9es avec forte exposition au soleil, absence de stores\\u2026) ou le syst\\u00e8me de chauffage ne fonctionne pas en hiver.\",\"score\":3}},\"label\":\"Le chauffage ne fonctionne pas bien.\"},\"70\":{\"criticite\":{\"69\":{\"label\":\"Ma facture en hausse et je limite mon chauffage. \",\"score\":2}},\"label\":\"Mes factures de chauffage sont anormalement \\u00e9lev\\u00e9es.\"}},\"label\":\"le confort du logement\"},\"12\":{\"critere\":{\"8\":{\"criticite\":{\"8\":{\"label\":\"certaines lames de parquet bougent ou sont mal fix\\u00e9es. Il y a des fissures sur le carrelage...\",\"score\":2}},\"label\":\"Le sol est ab\\u00eem\\u00e9.\"},\"9\":{\"criticite\":{\"123\":{\"label\":\"Les escaliers sont instables. Ils sont d\\u00e9form\\u00e9s ou il manque des \\u00e9l\\u00e9ments (marches, barreaux, main courante, \\u2026).\",\"score\":2}},\"label\":\"Les escaliers sont ab\\u00eem\\u00e9s.\"},\"11\":{\"criticite\":{\"15\":{\"label\":\"la peinture est \\u00e9caill\\u00e9e et pr\\u00e9sente quelques traces d\'humidit\\u00e9...\",\"score\":2}},\"label\":\"Les murs et plafonds int\\u00e9rieurs sont mal entretenus\"}},\"label\":\"l\'\\u00e9tat du b\\u00e2timent\"}}','{\"lat\":\"3.25644\",\"lng\":\"45.88827\"}','621e6ff3595e8',NULL,0,NULL,0,'INCURIE',100,NULL,NULL,NULL,NULL,NULL,'[]','63149','7a0c62d14281e1843d58a128816e9ce5','PROCHE',NULL,'2022-03-04 13:44:15',NULL,NULL,NULL,NULL,NULL,NULL,NULL,NULL,NULL,NULL,NULL,NULL,NULL,NULL,NULL,NULL,NULL,NULL,NULL,NULL,NULL,NULL,NULL,NULL,NULL,NULL,NULL,NULL,NULL,NULL,NULL),(8,'décrire son problème','[]',1,'2','1',NULL,'CAF',NULL,NULL,NULL,NULL,NULL,NULL,NULL,'ccccccccccccc',NULL,NULL,NULL,0,1,NULL,NULL,NULL,0,NULL,NULL,NULL,NULL,NULL,'Pierantozzi','Armonia','0652526634','armonia@hello.gmail','37 Rue de Rome','97410','Saint-Pierre',1,NULL,'2022-03-02 13:30:35',NULL,'[]',7,'2022-8','[]','{\"lat\":\"55.503121\",\"lng\":\"-21.279071\"}','621f717ba2e9e',NULL,0,NULL,0,NULL,11.924119241192,NULL,NULL,NULL,NULL,NULL,'[]','97416','7146e8c6b012ea2969f5ce30d4b1edcf','PROFESSIONNEL',NULL,'2022-03-03 11:09:37',NULL,NULL,NULL,NULL,NULL,NULL,NULL,NULL,NULL,NULL,NULL,NULL,NULL,NULL,NULL,NULL,NULL,NULL,NULL,NULL,NULL,NULL,NULL,NULL,NULL,NULL,NULL,NULL,NULL,NULL,NULL),(9,'Trop d\'humidité dans mon logement. Je vais arrêter de payer mon loyer.','[{\"file\":\"1-621f8ca737d39.jpg\",\"titre\":\"1.jpg\"},{\"file\":\"2-621f8ca737e3e.jpg\",\"titre\":\"2.jpg\"},{\"file\":\"3-621f8ca737f09.jpg\",\"titre\":\"3.jpg\"}]',1,'1','1',NULL,'0',NULL,NULL,NULL,NULL,NULL,NULL,NULL,'Martin Michel','10 rue Dr Laennec Mâcon 71000','0623043373','martin.michel@test.fr',0,0,NULL,NULL,NULL,0,NULL,NULL,NULL,NULL,NULL,'Partante','Paula','0623043373','paula.partante@test.fr','21 Rue Garibaldi','71100','Chalon-sur-Saône',1,4,'2022-03-02 15:26:31','2022-03-29 10:31:45','[]',2,'2022-9','{\"10\":{\"critere\":{\"60\":{\"criticite\":{\"74\":{\"label\":\"Il y a de l\'humidit\\u00e9 mais pas de traces de d\'eau.\",\"score\":1}},\"label\":\"De l\'eau s\\u2019infiltre dans mon logement.\"},\"61\":{\"criticite\":{\"78\":{\"label\":\"il y a des traces de moisissures dans les pi\\u00e8ces d\\u2019eau uniquement ou de petites traces de moisissures dans l\\u2019ensemble du logement. \",\"score\":2}},\"label\":\"Il y a des traces importantes de moisissures.\"}},\"label\":\"l\'\\u00e9tat et propret\\u00e9 du logement\"},\"14\":{\"critere\":{\"19\":{\"criticite\":{\"37\":{\"label\":\"les parties communes et \\u00e9quipements sont mal utilis\\u00e9s ou n\\u00e9glig\\u00e9s ce qui emp\\u00eache r\\u00e9guli\\u00e8rement de les utiliser (locaux encombr\\u00e9s, amoncellement de d\\u00e9chets, graffitis, \\u00e9quipements volontairement d\\u00e9grad\\u00e9s, \\u00e9clairage mis hors d\'usage, ascenseurs volontairement bloqu\\u00e9s, portes enfonc\\u00e9es\\u2026). \",\"score\":3}},\"label\":\"L\\u2019usage des lieux n\\u2019est pas respect\\u00e9.\"}},\"label\":\"la vie commune et le voisinage\"}}','{\"lat\":\"-0.372834\",\"lng\":\"43.302447\"}','621f8ca7364cb',NULL,0,NULL,0,NULL,23.848238482385,NULL,NULL,NULL,NULL,NULL,'[]','64445','faff6946f65fc425513a46c98dfa3143',NULL,NULL,'2022-03-03 08:57:26',NULL,NULL,NULL,NULL,NULL,NULL,NULL,NULL,NULL,NULL,NULL,NULL,NULL,NULL,NULL,NULL,NULL,NULL,NULL,NULL,NULL,NULL,NULL,NULL,NULL,NULL,NULL,NULL,'RESOLU','2022-03-03 09:48:19',NULL),(10,'Présence +++ de cafards qui se retrouvent même dans les parties communes de la résidence.\r\nHumidité et moisissures également présentes\r\n','[]',0,'2','1','1','CAF',NULL,NULL,NULL,NULL,NULL,NULL,NULL,'Agence immobilière XYZ',NULL,NULL,NULL,1,0,NULL,NULL,NULL,1,'Dupont','Catherine','0102030405','Catherine@histologe.net','Conseil départemental de l\'Isère','DESJARDINS','THIBAULT','0622990365','thibault.desjardins@beta.gouv.fr','2 Rue Servien','92190','Meudon',1,NULL,'2022-03-03 09:17:22',NULL,'[]',7,'2022-10','[]','{\"lat\":\"2.239594\",\"lng\":\"48.808094\"}','622087a2e8fc6',NULL,0,NULL,0,NULL,38.753387533875,NULL,NULL,NULL,NULL,NULL,'[]','92048','1f7c552b493db6111c1d328172a40805','PROFESSIONNEL',1,'2022-03-03 09:48:54',NULL,NULL,NULL,NULL,NULL,NULL,NULL,NULL,NULL,NULL,NULL,NULL,NULL,NULL,NULL,NULL,NULL,NULL,NULL,NULL,NULL,NULL,NULL,NULL,NULL,NULL,NULL,NULL,'RESOLU','2022-03-03 09:49:17',NULL),(11,'qdqDFDFDQFSDFQSDF','[]',0,'2','1',NULL,'0',NULL,NULL,NULL,NULL,NULL,NULL,NULL,'Je ne sais pas - agence',NULL,NULL,NULL,0,1,NULL,NULL,NULL,0,NULL,NULL,NULL,NULL,NULL,'Ali','Mohammed','0612345678','mohammed.akbar@test.fr','Rue des Carons','71680','Crêches-sur-Saône',1,4,'2022-03-04 13:04:01','2022-03-29 10:59:22','[]',2,'2022-11','{\"9\":{\"critere\":{\"7\":{\"criticite\":{\"4\":{\"label\":\"La porte ferme \\u00e0 clef mais difficilement.\",\"score\":1}},\"label\":\"L\'entr\\u00e9e du b\\u00e2timent est ab\\u00eem\\u00e9e ou mal s\\u00e9curis\\u00e9e\"}},\"label\":\"la s\\u00e9curit\\u00e9 des occupants\"}}','{\"lat\":\"6.060785\",\"lng\":\"43.405596\"}','62220e41a9aec',NULL,0,NULL,0,NULL,2.9810298102981,NULL,NULL,NULL,NULL,NULL,'[]','83023','8f641a32130d4e033d3ac7e57c056506',NULL,NULL,'2022-03-31 12:29:48',NULL,NULL,NULL,NULL,NULL,NULL,NULL,NULL,NULL,NULL,NULL,NULL,NULL,NULL,NULL,NULL,NULL,NULL,NULL,NULL,NULL,NULL,NULL,NULL,NULL,NULL,NULL,NULL,NULL,NULL,NULL),(12,'description du problème ','[{\"file\":\"Abbe-pierre-623c4434d0174.png\",\"titre\":\"Abbe pierre.png\",\"user\":3}]',1,'2',NULL,NULL,'CAF',NULL,NULL,NULL,NULL,NULL,NULL,NULL,'hlm',NULL,NULL,NULL,0,0,NULL,NULL,NULL,0,NULL,NULL,NULL,NULL,NULL,'Pierantozzi','Armonia','0652526634','armonia@gmail.com','37 Rue de Rome','97430','Le Tampon',1,NULL,'2022-03-07 13:46:18',NULL,'[]',7,'2022-12','[]','{\"lat\":\"55.503214\",\"lng\":\"-21.278992\"}','62260caa91f81',NULL,0,NULL,0,'INCURIE',13.550135501355,NULL,NULL,NULL,NULL,NULL,'[]','97422','c10331a27a77d1875e048fabfbe6d26d',NULL,NULL,'2022-03-07 13:50:03',NULL,NULL,NULL,NULL,NULL,NULL,NULL,NULL,NULL,NULL,NULL,NULL,NULL,NULL,NULL,NULL,NULL,NULL,NULL,NULL,NULL,NULL,NULL,NULL,NULL,NULL,NULL,NULL,NULL,NULL,NULL),(13,'frehureiljoreopkermler','[{\"file\":\"BO-Analyse-entretiens-1-622b21a0ae50a.jpg\",\"titre\":\"BO - Analyse entretiens (1).jpg\",\"user\":1}]',NULL,'1',NULL,NULL,NULL,NULL,NULL,NULL,NULL,NULL,NULL,NULL,'test',NULL,NULL,NULL,NULL,NULL,NULL,NULL,NULL,0,NULL,NULL,NULL,NULL,NULL,'test','test','0606060606','mathilde@poulpux.com','67 Avenue de Fronton','31200','Toulouse',1,NULL,'2022-03-09 11:19:57',NULL,'[]',7,'2022-13','[]','{\"lat\":\"1.433656\",\"lng\":\"43.630092\"}','62288d5daa25c',NULL,0,NULL,0,NULL,13.550135501355,NULL,NULL,NULL,NULL,NULL,'[]','31555','e5348c5c66b044cfc26e203cfb3af114',NULL,NULL,'2022-03-09 11:20:20',NULL,NULL,NULL,NULL,NULL,NULL,NULL,NULL,NULL,NULL,NULL,NULL,NULL,NULL,NULL,NULL,NULL,NULL,NULL,NULL,NULL,NULL,NULL,NULL,NULL,NULL,NULL,NULL,NULL,NULL,NULL),(14,'TESTETSTETSTE','[]',1,'1',NULL,NULL,NULL,NULL,NULL,NULL,NULL,NULL,NULL,NULL,'daeded',NULL,NULL,NULL,0,0,NULL,NULL,NULL,0,NULL,NULL,NULL,NULL,NULL,'test','testet','0000000000','test@test.com','12 Rue de Pas','62760','Mondicourt',1,NULL,'2022-03-09 12:43:49',NULL,'[]',7,'2022-14','[]','{\"lat\":\"2.467172\",\"lng\":\"50.170317\"}','6228a1050883d',NULL,0,NULL,0,NULL,5.420054200542,NULL,NULL,NULL,NULL,NULL,'[]','62583','88b2e9b1b41217e6ff42e928cc271917',NULL,NULL,'2022-03-23 09:37:11',NULL,NULL,NULL,NULL,NULL,NULL,NULL,NULL,NULL,NULL,NULL,NULL,NULL,NULL,NULL,NULL,NULL,NULL,NULL,NULL,NULL,NULL,NULL,NULL,NULL,NULL,NULL,NULL,NULL,NULL,NULL),(15,'tetstehs\r\neydzaiudgzdzadihzad\r\ndiugdzeid','[]',0,'3',NULL,NULL,NULL,NULL,NULL,NULL,NULL,NULL,NULL,NULL,'ezklfjezfnze',NULL,NULL,NULL,NULL,NULL,NULL,NULL,NULL,0,NULL,NULL,NULL,NULL,NULL,'deziud','zeh','0202020202','efkenz@ezkdgze.com','12 Rue Teste','93420','Villepinte',1,NULL,'2022-03-09 12:54:02',NULL,'[]',7,'2022-15','[]','{\"lat\":\"2.554179\",\"lng\":\"48.957392\"}','6228a36a15bd5',NULL,0,NULL,0,NULL,8.130081300813,NULL,NULL,NULL,NULL,NULL,'[]','93078','2801625f22fba88907ef68c24fb0bd35',NULL,NULL,'2022-03-17 16:35:14',NULL,NULL,NULL,NULL,NULL,NULL,NULL,NULL,NULL,NULL,NULL,NULL,NULL,NULL,NULL,NULL,NULL,NULL,NULL,NULL,NULL,NULL,NULL,NULL,NULL,NULL,NULL,NULL,NULL,NULL,NULL),(16,'Présence +++ de cafards qui se retrouvent même dans les parties communes de la résidence.\r\nHumidité et moisissures également présentes\r\n','[]',1,'2','1','1','CAF',NULL,NULL,NULL,NULL,NULL,NULL,NULL,'Monsieur Dupont',NULL,NULL,NULL,1,1,NULL,0,NULL,1,'jean ','Dupont','0102030102','adresse@email.fr','Conseil départemental de l\'Isère','Desjardins','Thibault','0622990365','thibault.froyelles@gmail.com','2 Rue Servien','92190','Meudon',1,NULL,'2022-03-10 09:17:14',NULL,'[]',7,'2022-16','[]','{\"lat\":\"2.239594\",\"lng\":\"48.808094\"}','6229c21a95697',NULL,0,NULL,0,'ADIL',38.753387533875,NULL,NULL,NULL,NULL,NULL,'[]','92048','0fed5d6b2d360234a4719fe192056b36','PROFESSIONNEL',1,'2022-03-10 09:27:08',NULL,NULL,NULL,NULL,NULL,NULL,NULL,NULL,NULL,NULL,NULL,NULL,NULL,NULL,NULL,NULL,NULL,NULL,NULL,NULL,NULL,NULL,NULL,NULL,NULL,NULL,NULL,NULL,NULL,NULL,NULL),(17,'dsdsdzdzedzeze','[]',1,'4',NULL,NULL,NULL,NULL,NULL,NULL,NULL,NULL,NULL,NULL,'erere',NULL,NULL,NULL,NULL,NULL,NULL,NULL,NULL,0,NULL,NULL,NULL,NULL,NULL,'ezezez','ezezez','0606060606','mathilde@poulpux.com','Rue Charles Roy','58000','Nevers',1,NULL,'2022-03-14 15:19:11',NULL,'[]',7,'2022-17','[]','{\"lat\":\"3.16324\",\"lng\":\"46.995639\"}','622f5cef3b069',NULL,0,NULL,0,NULL,8.130081300813,NULL,NULL,NULL,NULL,NULL,'[]','58194',NULL,NULL,NULL,NULL,NULL,NULL,NULL,NULL,NULL,NULL,NULL,NULL,NULL,NULL,NULL,NULL,NULL,NULL,NULL,NULL,NULL,NULL,NULL,NULL,NULL,NULL,NULL,NULL,NULL,NULL,NULL,NULL,NULL,NULL,NULL),(18,'test de description 1','[{\"file\":\"ges-A-6232e81260780.png\",\"titre\":\"ges_A.png\"}]',1,'2','2',NULL,'CAF','5454654654654',NULL,NULL,NULL,NULL,NULL,NULL,'propio1',NULL,NULL,NULL,0,0,NULL,NULL,NULL,1,'declarant1','prenom test','0202020202','alban.sestiaa@beta.gouv.fr','ADIL','Sestiaa','Alban','0202020202','alban.sestiaa@beta.gouv.fr','4 Rue de la Poste','69100','Villeurbanne',1,NULL,'2022-03-17 07:49:38',NULL,'[]',7,'2022-18','[]','{\"lat\":\"4.887542\",\"lng\":\"45.758193\"}','6232e8125fb3f',NULL,0,NULL,0,NULL,11.924119241192,NULL,'1','A','105',NULL,'[]','69266','28ffd2173ff4711d1be01e228da73947','PROFESSIONNEL',1,'2022-03-17 08:32:14',NULL,NULL,NULL,NULL,NULL,NULL,NULL,NULL,NULL,NULL,NULL,NULL,NULL,NULL,NULL,NULL,NULL,NULL,NULL,NULL,NULL,NULL,NULL,NULL,NULL,NULL,NULL,NULL,NULL,NULL,NULL),(19,'Test de description ','[{\"file\":\"ges-F-6233006ebaff7.png\",\"titre\":\"ges_F.png\"}]',0,'2',NULL,'3','CAF','5454654654654',NULL,NULL,NULL,NULL,NULL,NULL,'Proprio 1',NULL,NULL,NULL,0,0,NULL,NULL,NULL,1,'Déclarant ','test declarant','0202020202','alban.sestiaa@beta.gouv.fr','CCAS','Sestiaa','Alban',NULL,'alban.sestiaa@beta.gouv.fr','4 Rue de la Gare - Bouille St P','79290','Val en Vignes',1,NULL,'2022-03-17 09:33:34',NULL,'[{\"file\":\"BO-CGU-Histologe-2022-62388049835ec.pdf\",\"titre\":\"BO - CGU_Histologe_2022.pdf\",\"user\":4},{\"file\":\"PDLHIIE-CatalogueDonnees-TableauSuiviDossiers-Observatoire-AggloCD-20211103-623cb09064787.pdf\",\"titre\":\"PDLHIIE_CatalogueDonnees-TableauSuiviDossiers_Observatoire-AggloCD_20211103.pdf\",\"user\":3}]',7,'2022-19','[]','{\"lat\":\"-0.310884\",\"lng\":\"47.059749\"}','6233006eba3f8',NULL,0,NULL,0,NULL,100,NULL,'1','A','105','porte rouge','[]','79063','b0076ad9921cebe14e68de64b934ee93','PROFESSIONNEL',1,'2022-03-17 09:46:25',NULL,NULL,NULL,NULL,NULL,NULL,NULL,NULL,NULL,NULL,NULL,NULL,NULL,NULL,NULL,NULL,NULL,NULL,NULL,NULL,NULL,NULL,NULL,NULL,NULL,NULL,NULL,NULL,NULL,NULL,NULL),(20,'dfgq sd fsh fdhsd','[]',NULL,'4','4+',NULL,NULL,NULL,NULL,NULL,NULL,NULL,NULL,NULL,'efzafazeffa',NULL,NULL,NULL,NULL,NULL,NULL,NULL,NULL,0,NULL,NULL,NULL,NULL,NULL,'Sestiaa','Alban','0202020202','alban.sestiaa@beta.gouv.fr','Le Pt Rue','91680','Bruyères-le-Châtel',1,NULL,'2022-03-18 13:23:23',NULL,'[]',7,'2022-20','[]','{\"lat\":\"\",\"lng\":\"\"}','623487cbb8426',NULL,0,NULL,0,NULL,11.924119241192,NULL,NULL,NULL,NULL,NULL,'[]',NULL,'0199bedc1d27d3950e6dab8d863b7bfc',NULL,NULL,'2022-03-18 15:25:41',NULL,NULL,NULL,NULL,NULL,NULL,NULL,NULL,NULL,NULL,NULL,NULL,NULL,NULL,NULL,NULL,NULL,NULL,NULL,NULL,NULL,NULL,NULL,NULL,NULL,NULL,NULL,NULL,NULL,NULL,NULL),(21,'descrire problème ','[{\"file\":\"IMG-20220314-105730-623c4248b838b.jpg\",\"titre\":\"IMG_20220314_105730.jpg\",\"user\":8},{\"file\":\"IMG-20220314-105730-623c42914e385.jpg\",\"titre\":\"IMG_20220314_105730.jpg\",\"user\":8},{\"file\":\"IMG-20220314-105730-623c44a0bc8f1.jpg\",\"titre\":\"IMG_20220314_105730.jpg\",\"user\":3}]',1,'2',NULL,NULL,'CAF',NULL,NULL,NULL,NULL,NULL,NULL,NULL,'HLM',NULL,NULL,NULL,0,1,NULL,0,NULL,0,NULL,NULL,NULL,NULL,NULL,'Pierantozzi','Armonia','0652526634','armonia@hello.it','37 Rue de Rome','97430','Le Tampon',1,NULL,'2022-03-18 15:20:39',NULL,'[{\"file\":\"BO-CGU-Histologe-2022-62388088e15bb.pdf\",\"titre\":\"BO - CGU_Histologe_2022.pdf\",\"user\":4},{\"file\":\"IMG-20220314-105730-623c448e9e1f7.jpg\",\"titre\":\"IMG_20220314_105730.jpg\",\"user\":3}]',7,'2022-21','[]','{\"lat\":\"55.503214\",\"lng\":\"-21.278992\"}','6234a347420a3',NULL,0,NULL,0,'MISE EN SÉCURITÉ',100,NULL,NULL,NULL,NULL,NULL,'[]','97422','26691f2104591605ce43d78b8f2687a8',NULL,NULL,'2022-03-18 20:56:17',NULL,NULL,NULL,NULL,NULL,NULL,NULL,NULL,NULL,NULL,NULL,NULL,NULL,NULL,NULL,NULL,NULL,NULL,NULL,NULL,NULL,NULL,NULL,NULL,NULL,NULL,NULL,NULL,'RESOLU','2022-03-18 20:56:26',NULL),(22,'J\'ai des problèmes d\'humidité dans mon logement','[]',NULL,'1',NULL,NULL,NULL,NULL,NULL,NULL,NULL,NULL,NULL,NULL,'MICHEL',NULL,NULL,NULL,NULL,NULL,NULL,NULL,NULL,0,NULL,NULL,NULL,NULL,NULL,'Chateau','Muriel','0987898980','ddllll@l.fr','lllll','71100','CHALON SUR SAONE',1,NULL,'2022-03-21 09:02:30',NULL,'[]',7,'2022-22','[]','{\"lat\":\"\",\"lng\":\"\"}','62383f264cfb4',NULL,0,NULL,1,'MISE_EN_SÉCURITÉ',10.840108401084,NULL,NULL,NULL,NULL,NULL,'[]',NULL,'c196b1b6a263e29a4dde6336add7ed3a','PROFESSIONNEL',NULL,'2022-03-21 17:23:08',NULL,NULL,NULL,NULL,NULL,NULL,NULL,NULL,NULL,NULL,NULL,NULL,NULL,NULL,NULL,NULL,NULL,NULL,NULL,NULL,NULL,NULL,NULL,NULL,NULL,NULL,NULL,NULL,NULL,NULL,NULL),(23,'Description de la situation ','[{\"file\":\"ges-B-623855db0f89a.png\",\"titre\":\"ges_B.png\"}]',NULL,'2',NULL,NULL,'CAF','5454654654654',NULL,NULL,NULL,NULL,NULL,NULL,'PropriétaireA',NULL,NULL,NULL,NULL,NULL,NULL,NULL,NULL,1,'déclarant','Alban','0202020202','alban.sestiaa@beta.gouv.fr','Partenaire A','Sestiaa','Alban','0202020202',NULL,'Le Pt Rue','91680','Bruyères-le-Châtel',1,NULL,'2022-03-21 10:39:23',NULL,'[]',7,'2022-23','[]','{\"lat\":\"\",\"lng\":\"\"}','623855db0ed07',NULL,0,NULL,0,'MISE_EN_SÉCURITÉ',100,NULL,NULL,NULL,NULL,NULL,'[]',NULL,'2065fefccfbe40b8d4e6918470e4a310','PROFESSIONNEL',1,'2022-03-21 13:15:12',NULL,NULL,NULL,NULL,NULL,NULL,NULL,NULL,NULL,NULL,NULL,NULL,NULL,NULL,NULL,NULL,NULL,NULL,NULL,NULL,NULL,NULL,NULL,NULL,NULL,NULL,NULL,NULL,NULL,NULL,NULL),(24,'eueçozeiopze eizuopzekze','[{\"file\":\"moisissure-mur-6238b5b1bfe31.jpg\",\"titre\":\"moisissure-mur.jpg\"},{\"file\":\"qualite-dair-moisissures-sante-001-6238b5b1bfffb.jpg\",\"titre\":\"qualite-dair-moisissures-sante-001.jpg\"}]',1,'1','2',NULL,'0',NULL,NULL,NULL,NULL,NULL,NULL,NULL,'test',NULL,NULL,NULL,0,0,NULL,NULL,NULL,0,NULL,NULL,NULL,NULL,NULL,'ijreorekreo','jirlerelker','0606060606','mathilde@poulpux.com','65 Avenue du Ru Couvert','89100','Paron',1,NULL,'2022-03-21 17:28:17',NULL,'[{\"file\":\"FAQ-Histologe-6238b5fdc5bc1.xlsx\",\"titre\":\"FAQ - Histologe.xlsx\",\"user\":1},{\"file\":\"histologe-personnalisation-page-accueil-6238b683748bc.pdf\",\"titre\":\"histologe-personnalisation-page-accueil.pdf\",\"user\":1},{\"file\":\"histologe-presentation-admin-territoire-V3-fev2022-6238b68374c2f.pdf\",\"titre\":\"histologe-presentation-admin-territoire-V3-fev2022.pdf\",\"user\":1},{\"file\":\"Histologe-presentation-partenaire-V3-fev2022-6238b68374f6e.pdf\",\"titre\":\"Histologe-presentation-partenaire-V3-fev2022.pdf\",\"user\":1},{\"file\":\"Abbe-pierre-623c342d228be.png\",\"titre\":\"Abbe pierre.png\",\"user\":1}]',7,'2022-24','[]','{\"lat\":\"3.234408\",\"lng\":\"48.182258\"}','6238b5b1bf1fa',NULL,0,NULL,0,'INSALUBRITÉ',35.772357723577,NULL,NULL,NULL,NULL,NULL,'[]','89287','58ec14e48fce28b421f2dea47536dae2',NULL,NULL,'2022-03-21 17:29:08',NULL,NULL,NULL,NULL,NULL,NULL,NULL,NULL,NULL,NULL,NULL,NULL,NULL,NULL,NULL,NULL,NULL,NULL,NULL,NULL,NULL,NULL,NULL,NULL,NULL,NULL,NULL,NULL,NULL,NULL,NULL),(25,'description du problème ','[{\"file\":\"btc-623b0ca627369.jpg\",\"titre\":\"btc.jpg\",\"user\":5}]',0,'2','3','1','CAF',NULL,NULL,NULL,NULL,NULL,NULL,NULL,'HLM',NULL,NULL,NULL,0,0,NULL,NULL,NULL,0,NULL,NULL,NULL,NULL,NULL,'Pierantozzi','Armonia','0612345678','armonia@hello.it','37 Rue de la Roë','49100','Angers',1,NULL,'2022-03-22 08:55:23',NULL,'[]',7,'2022-25','[]','{\"lat\":\"-0.552388\",\"lng\":\"47.471971\"}','62398efb94559',NULL,0,NULL,0,NULL,14.905149051491,NULL,NULL,NULL,NULL,NULL,'[]','49007','bc765fcd8187652912ac9bb081c4bfcd',NULL,NULL,'2022-03-22 08:57:47',NULL,NULL,NULL,NULL,NULL,NULL,NULL,NULL,NULL,NULL,NULL,NULL,NULL,NULL,NULL,NULL,NULL,NULL,NULL,NULL,NULL,NULL,NULL,NULL,NULL,NULL,NULL,NULL,NULL,NULL,NULL),(26,'je veux arrêter de payer mon loyer','[]',0,'1','2',NULL,'0',NULL,NULL,NULL,NULL,NULL,1,NULL,'Chouaib Nounes',NULL,NULL,NULL,1,0,NULL,NULL,NULL,0,NULL,NULL,NULL,NULL,NULL,'Nounes','Chouaib','0766393679','chouaib.nounes@beta.gouv.fr','1','64000','PAU',1,NULL,'2022-03-22 13:49:02',NULL,'[]',7,'2022-26','[]','{\"lat\":\"\",\"lng\":\"\"}','6239d3ce8d80d',NULL,0,NULL,0,'MISE EN SÉCURITÉ',100,NULL,NULL,NULL,NULL,'1','[]',NULL,NULL,NULL,NULL,NULL,NULL,NULL,NULL,NULL,NULL,NULL,NULL,NULL,NULL,NULL,NULL,NULL,NULL,NULL,NULL,NULL,NULL,NULL,NULL,NULL,NULL,NULL,NULL,NULL,NULL,NULL,NULL,NULL,NULL,NULL,NULL),(27,'dddddddddddddddddddddddddddd','[{\"file\":\"IMG-20220314-105730-623c42d82f2c4.jpg\",\"titre\":\"IMG_20220314_105730.jpg\",\"user\":4}]',1,'9999999999999999999999999999999999999',NULL,NULL,NULL,NULL,NULL,NULL,NULL,NULL,1,NULL,'wwwwwwwwwwwwwwwwwwww',NULL,NULL,NULL,1,1,1,0,NULL,0,NULL,NULL,NULL,NULL,NULL,'PINCHAI','Sundar','0102030405','test@test.fr','Rue Entraigues','83170','Brignoles',1,NULL,'2022-03-22 14:35:09',NULL,'[]',7,'2022-27','[]','{\"lat\":\"6.060785\",\"lng\":\"43.405596\"}','6239de9de3faa',NULL,0,NULL,0,'DÉCENCE',5.420054200542,NULL,NULL,NULL,NULL,NULL,'[]','83023',NULL,NULL,NULL,NULL,NULL,NULL,NULL,NULL,NULL,NULL,NULL,NULL,NULL,NULL,NULL,NULL,NULL,NULL,NULL,NULL,NULL,NULL,NULL,NULL,NULL,NULL,NULL,NULL,NULL,NULL,NULL,NULL,NULL,NULL,NULL),(28,'test test test','[]',1,'1','1',NULL,'0',NULL,NULL,NULL,NULL,NULL,NULL,NULL,'Chouaib Nounes',NULL,NULL,NULL,0,0,NULL,NULL,NULL,0,NULL,NULL,NULL,NULL,NULL,'Nounes','Chouaib','0766393679','chouaib.nounes@beta.gouv.fr','1','64000','PAU',1,NULL,'2022-03-23 09:25:16',NULL,'[]',7,'2022-28','[]','{\"lat\":\"\",\"lng\":\"\"}','623ae77cc615c',NULL,0,NULL,0,NULL,100,NULL,NULL,NULL,NULL,'1','[]',NULL,'4a07d266cd03dc560899b77615bf5b50',NULL,NULL,'2022-03-23 09:26:34',NULL,NULL,NULL,NULL,NULL,NULL,NULL,NULL,NULL,NULL,NULL,NULL,NULL,NULL,NULL,NULL,NULL,NULL,NULL,NULL,NULL,NULL,NULL,NULL,NULL,NULL,NULL,NULL,NULL,NULL,NULL),(29,'j adore tester les mises à jour','[{\"file\":\"Abbe-pierre-623b168a26155.png\",\"titre\":\"Abbe pierre.png\"},{\"file\":\"will-smith-623b168a262d1.png\",\"titre\":\"will smith.png\"}]',1,'3','4+',NULL,'MSA',NULL,NULL,NULL,NULL,NULL,NULL,NULL,'MTE',NULL,NULL,NULL,0,0,NULL,NULL,NULL,0,NULL,NULL,NULL,NULL,NULL,'histo','loge','0909090909','histo@loge.net','Digne-les-Bains','4000','Digne-les-Bains',1,1,'2022-03-23 12:46:02','2022-03-23 12:55:10','[{\"file\":\"StartUpEtat-GuidePerennisation-623b168a2931b.pdf\",\"titre\":\"StartUpEtat_GuideP\\u00e9rennisation.pdf\"},{\"file\":\"Histologe-la-newsletter-4-623b176da116a.png\",\"titre\":\"Histologe - la newsletter #4.png\",\"user\":1}]',7,'2022-29','{\"10\":{\"critere\":{\"13\":{\"criticite\":{\"19\":{\"label\":\"le sol ou la base des murs est tr\\u00e8s humide.\",\"score\":3}},\"label\":\"Les sols sont humides.\"},\"66\":{\"criticite\":{\"131\":{\"label\":\"j\'ai acc\\u00e8s \\u00e0 l\\u2019eau potable et \\u00e0 l\\u2019eau chaude dans le logement mais avec d\\u00e9bit limit\\u00e9.\",\"score\":1}},\"label\":\"J\'ai un probl\\u00e8me avec l\\u2019eau potable.\"}},\"label\":\"l\'\\u00e9tat et propret\\u00e9 du logement\"},\"12\":{\"critere\":{\"9\":{\"criticite\":{\"122\":{\"label\":\"Pr\\u00e9sence de d\\u00e9formations.\",\"score\":1}},\"label\":\"Les escaliers sont ab\\u00eem\\u00e9s.\"},\"11\":{\"criticite\":{\"15\":{\"label\":\"la peinture est \\u00e9caill\\u00e9e et pr\\u00e9sente quelques traces d\'humidit\\u00e9...\",\"score\":2}},\"label\":\"Les murs et plafonds int\\u00e9rieurs sont mal entretenus\"}},\"label\":\"l\'\\u00e9tat du b\\u00e2timent\"}}','{\"lat\":\"-1.339789\",\"lng\":\"47.689424\"}','623b168a25fdf',NULL,0,NULL,0,NULL,100,NULL,'56',NULL,NULL,NULL,'[]','44054','4091ea49a4e09d74b3ce733477c1990e',NULL,NULL,'2022-03-23 12:48:13',NULL,NULL,NULL,NULL,NULL,NULL,NULL,NULL,NULL,NULL,NULL,NULL,NULL,NULL,NULL,NULL,NULL,NULL,NULL,NULL,NULL,NULL,NULL,NULL,NULL,NULL,NULL,NULL,'RESOLU','2022-03-23 12:53:55',NULL),(30,'test test test ','[]',1,'1','1',NULL,'0',NULL,NULL,NULL,NULL,NULL,NULL,NULL,'NOUNES',NULL,NULL,NULL,1,0,NULL,NULL,NULL,0,NULL,NULL,NULL,NULL,NULL,'Nounes','Chouaib','0766393679','chouaib.nounes@beta.gouv.fr','1','64000','PAU',1,NULL,'2022-03-24 09:19:32',NULL,'[]',7,'2022-30','[]','{\"lat\":\"\",\"lng\":\"\"}','623c37a4f1aee',NULL,0,NULL,0,NULL,20.867208672087,NULL,NULL,NULL,NULL,'288 Avenue Georges Clemenceau, Vaux-le-Pénil','[]',NULL,NULL,NULL,NULL,NULL,NULL,NULL,NULL,NULL,NULL,NULL,NULL,NULL,NULL,NULL,NULL,NULL,NULL,NULL,NULL,NULL,NULL,NULL,NULL,NULL,NULL,NULL,NULL,NULL,NULL,NULL,NULL,NULL,NULL,NULL,NULL),(31,'Présence +++ de cafards qui se retrouvent même dans les parties communes de la résidence.\r\nHumidité et moisissures également présentes\r\n','[]',1,'2','1','1','CAF',NULL,NULL,NULL,NULL,NULL,NULL,NULL,'Monsieur Dupont',NULL,NULL,NULL,1,0,NULL,NULL,NULL,1,'Catherine','Dupont','0302010302','test@test.fr','Conseil départemental de l\'Isère','Desjardins','Thibault','0622990365','thibault.froyelles@gmail.com','2 Rue Servien','92190','Meudon',1,NULL,'2022-03-24 09:21:04',NULL,'[]',7,'2022-31','[]','{\"lat\":\"2.239594\",\"lng\":\"48.808094\"}','623c3800513b7',NULL,0,NULL,0,NULL,100,NULL,NULL,NULL,NULL,NULL,'[]','92048',NULL,'PROFESSIONNEL',1,NULL,NULL,NULL,NULL,NULL,NULL,NULL,NULL,NULL,NULL,NULL,NULL,NULL,NULL,NULL,NULL,NULL,NULL,NULL,NULL,NULL,NULL,NULL,NULL,NULL,NULL,NULL,NULL,NULL,NULL,NULL,NULL),(32,'dffffffffffffffffffffff','[]',NULL,'2',NULL,NULL,NULL,NULL,NULL,NULL,NULL,NULL,NULL,NULL,'dsqsdqsqdqd',NULL,NULL,NULL,NULL,NULL,NULL,NULL,NULL,0,NULL,NULL,NULL,NULL,NULL,'FIREFOX','dsqqsd','0102030405','test@test.fr','10 Rue de Men Kaes','29740','Plobannalec-Lesconil',1,NULL,'2022-03-24 14:16:40',NULL,'[]',7,'2022-32','[]','{\"lat\":\"-4.224063\",\"lng\":\"47.797793\"}','623c7d48c2511',NULL,0,NULL,0,NULL,100,NULL,NULL,NULL,NULL,NULL,'[]','29165',NULL,NULL,NULL,NULL,NULL,NULL,NULL,NULL,NULL,NULL,NULL,NULL,NULL,NULL,NULL,NULL,NULL,NULL,NULL,NULL,NULL,NULL,NULL,NULL,NULL,NULL,NULL,NULL,NULL,NULL,NULL,NULL,NULL,NULL,NULL),(33,'test alban','[]',1,'2',NULL,NULL,NULL,NULL,NULL,NULL,NULL,NULL,NULL,NULL,'proprio 1',NULL,NULL,NULL,NULL,NULL,NULL,NULL,NULL,0,NULL,NULL,NULL,NULL,NULL,'Sestiaa','Alban','0202020202','alban.sestiaa@beta.gouv.fr','43 Rue de la Paix','33000','Bordeaux',1,NULL,'2022-03-24 14:18:55',NULL,'[]',7,'2022-33','[]','{\"lat\":\"-0.613058\",\"lng\":\"44.843679\"}','623c7dcfcd83c',NULL,0,NULL,0,NULL,27.10027100271,NULL,NULL,NULL,NULL,NULL,'[]','33063',NULL,NULL,NULL,NULL,NULL,NULL,NULL,NULL,NULL,NULL,NULL,NULL,NULL,NULL,NULL,NULL,NULL,NULL,NULL,NULL,NULL,NULL,NULL,NULL,NULL,NULL,NULL,NULL,NULL,NULL,NULL,NULL,NULL,NULL,NULL),(34,'dsqFSQF DQFGSDQGSDQ','[]',1,'4',NULL,NULL,'',NULL,NULL,NULL,NULL,NULL,NULL,NULL,'FQSDFQSFQ',NULL,NULL,NULL,0,0,NULL,NULL,NULL,0,NULL,NULL,NULL,NULL,NULL,'Sestiaa','Alban','0202020202','alban.sestiaa@beta.gouv.fr','28 Rue de la République','71000','Mâcon',1,1,'2022-03-24 14:19:56','2022-03-29 09:56:57','[]',7,'2022-34','{\"12\":{\"critere\":{\"82\":{\"criticite\":{\"154\":{\"label\":\"La toiture n\\u2019est pas \\u00e9tanche et manque d\'isolation. Il y a un risque potentiel de chute d\'\\u00e9l\\u00e9ments.\",\"score\":2}},\"label\":\"La toiture n\\u2019est pas en bon \\u00e9tat.\"}},\"label\":\"l\'\\u00e9tat du b\\u00e2timent\"},\"14\":{\"critere\":{\"72\":{\"criticite\":{\"115\":{\"label\":\"Les bruits g\\u00e9n\\u00e9r\\u00e9s par la pr\\u00e9sence des voisins et\\/ou les \\u00e9quipements sont importants : ils me g\\u00eanent pour dormir ou le travail (scolaire, \\u00e0 domicile).\",\"score\":3}},\"label\":\"Le bruit \\u00e0 l\\u2019int\\u00e9rieur du logement ou du b\\u00e2timent est g\\u00eanant.\"}},\"label\":\"la vie commune et le voisinage\"}}','{\"lat\":\"2.39657\",\"lng\":\"48.796427\"}','623c7e0c42022',NULL,0,NULL,0,NULL,21.680216802168,NULL,NULL,NULL,NULL,NULL,'[]','94081',NULL,NULL,NULL,NULL,NULL,NULL,NULL,NULL,NULL,NULL,NULL,NULL,NULL,NULL,NULL,NULL,NULL,NULL,NULL,NULL,NULL,NULL,NULL,NULL,NULL,NULL,NULL,NULL,NULL,NULL,NULL,NULL,NULL,NULL,NULL),(35,'fdsfqsdgd sfqghfsdhsdffh','[]',1,'2',NULL,NULL,NULL,NULL,NULL,NULL,NULL,NULL,NULL,NULL,'proprio',NULL,NULL,NULL,NULL,NULL,NULL,NULL,NULL,0,NULL,NULL,NULL,NULL,NULL,'sestiaa','alban','0202020202','test@la.com','4 Rue de la Paix','10000','Troyes',1,NULL,'2022-03-24 15:00:05',NULL,'[]',7,'2022-35','[]','{\"lat\":\"4.071307\",\"lng\":\"48.29999\"}','623c8775223b6',NULL,0,NULL,0,NULL,10.840108401084,NULL,NULL,NULL,NULL,NULL,'[]','10387','f84a8cb9dffc74e1ad84491354a17a03',NULL,NULL,'2022-03-25 08:12:44',NULL,NULL,NULL,NULL,NULL,NULL,NULL,NULL,NULL,NULL,NULL,NULL,NULL,NULL,NULL,NULL,NULL,NULL,NULL,NULL,NULL,NULL,NULL,NULL,NULL,NULL,NULL,NULL,NULL,NULL,NULL),(36,'pas d\'observation','[]',NULL,'1',NULL,NULL,NULL,NULL,NULL,NULL,NULL,NULL,NULL,NULL,'inconnu',NULL,NULL,NULL,NULL,NULL,NULL,NULL,NULL,0,NULL,NULL,NULL,NULL,NULL,'cardot','carole','0660020919','carole.cardot@bouches-du-rhone.gouv.fr','Boulevard National','92000','Nanterre',1,NULL,'2022-03-24 15:04:10',NULL,'[{\"file\":\"BO-CGU-Histologe-2022-623c95e3ebf05.pdf\",\"titre\":\"BO - CGU_Histologe_2022.pdf\",\"user\":4}]',7,'2022-36','[]','{\"lat\":\"2.18707\",\"lng\":\"48.887223\"}','623c886a6c2a9',NULL,0,NULL,1,NULL,24.390243902439,NULL,NULL,NULL,NULL,NULL,'[]','92050','499d119c19074e8a86e16ae0074a91a7',NULL,NULL,'2022-03-24 16:01:24',NULL,NULL,NULL,NULL,NULL,NULL,NULL,NULL,NULL,NULL,NULL,NULL,NULL,NULL,NULL,NULL,NULL,NULL,NULL,NULL,NULL,NULL,NULL,NULL,NULL,NULL,NULL,NULL,NULL,NULL,NULL),(37,'pas d\'observation','[]',0,'2',NULL,NULL,'',NULL,NULL,NULL,NULL,NULL,1,NULL,'inconnu',NULL,NULL,NULL,1,1,1,NULL,NULL,0,NULL,NULL,NULL,NULL,NULL,'cardot','carole','0660020919','carole.cardot@bouches-du-rhone.gouv.fr','10 Rue des Acacias','75017','Paris',1,5,'2022-03-24 15:05:47','2022-03-29 10:19:14','[]',7,'2022-37','{\"9\":{\"critere\":{\"14\":{\"criticite\":{\"20\":{\"label\":\"l\\u2019installation est r\\u00e9cente mais pas termin\\u00e9e.\",\"score\":1}},\"label\":\"L\\u2019installation du r\\u00e9seau \\u00e9lectrique a un probl\\u00e8me.\"},\"17\":{\"criticite\":{\"31\":{\"label\":\"l\\u2019\\u00e9quipement est obsol\\u00e8te, mal entretenu, non accessible. Les locaux de chauffage sont mal entretenus et pr\\u00e9sentent un risque manifeste.\",\"score\":3}},\"label\":\"Le chauffage collectif est obsol\\u00e8te.\"},\"55\":{\"criticite\":{\"39\":{\"label\":\"Les fils \\u00e9lectriques sont apparents et mal isol\\u00e9s par endroits.\",\"score\":2}},\"label\":\"Fils \\u00e9lectriques d\\u00e9nud\\u00e9s\"}},\"label\":\"la s\\u00e9curit\\u00e9 des occupants\"},\"10\":{\"critere\":{\"60\":{\"criticite\":{\"75\":{\"label\":\"Il y a des traces d\'eau dans les pi\\u00e8ces d\\u2019eau uniquement.\",\"score\":2}},\"label\":\"De l\'eau s\\u2019infiltre dans mon logement.\"},\"62\":{\"criticite\":{\"81\":{\"label\":\"la peinture ab\\u00eem\\u00e9e dans plusieurs pi\\u00e8ces du logement et il n\'y a pas de plomb dans les peintures (cf DPE).\",\"score\":2}},\"label\":\"La peinture est \\u00e9caill\\u00e9e par endroits.\"}},\"label\":\"l\'\\u00e9tat et propret\\u00e9 du logement\"}}','{\"lat\":\"\",\"lng\":\"\"}','623c88cbaa302',NULL,0,NULL,1,NULL,100,NULL,NULL,NULL,NULL,NULL,'[]',NULL,'9f6ff4693d534465d88bb38db6c4eab3',NULL,NULL,'2022-03-24 18:29:43',NULL,NULL,NULL,NULL,NULL,NULL,NULL,NULL,NULL,NULL,NULL,NULL,NULL,NULL,NULL,NULL,NULL,NULL,NULL,NULL,NULL,NULL,NULL,NULL,NULL,NULL,NULL,NULL,NULL,NULL,NULL),(38,'oas ,,,,,,rrooo','[]',NULL,'2',NULL,NULL,NULL,NULL,NULL,NULL,NULL,NULL,NULL,NULL,'inconnu',NULL,NULL,NULL,NULL,NULL,NULL,NULL,NULL,0,NULL,NULL,NULL,NULL,NULL,'cardot','carole','0660020919','carole.cardot@bouches-du-rhone.gouv.fr','322 Boulevard National','13003','Marseille',1,NULL,'2022-03-24 15:08:16',NULL,'[]',7,'2022-38','[]','{\"lat\":\"5.375574\",\"lng\":\"43.313014\"}','623c896051f63',NULL,0,NULL,0,NULL,100,NULL,NULL,NULL,NULL,NULL,'[]','13203',NULL,NULL,NULL,NULL,NULL,NULL,NULL,NULL,NULL,NULL,NULL,NULL,NULL,NULL,NULL,NULL,NULL,NULL,NULL,NULL,NULL,NULL,NULL,NULL,NULL,NULL,NULL,NULL,NULL,NULL,NULL,NULL,NULL,NULL,NULL),(39,'Test de description','[]',0,'2',NULL,NULL,NULL,NULL,NULL,NULL,NULL,NULL,NULL,NULL,'test proprio',NULL,NULL,NULL,NULL,NULL,NULL,NULL,NULL,0,NULL,NULL,NULL,NULL,NULL,'Sestiaa','Alban','0202020202','alban.sestiaa@beta.gouv.fr','4 Rue de la Paix','33000','Bordeaux',1,NULL,'2022-03-25 14:55:02',NULL,'[]',7,'2022-39','[]','{\"lat\":\"-0.612525\",\"lng\":\"44.842146\"}','623dd7c62c1f6',NULL,0,NULL,0,NULL,100,NULL,NULL,NULL,NULL,NULL,'[]','33063',NULL,NULL,NULL,NULL,NULL,NULL,NULL,NULL,NULL,NULL,NULL,NULL,NULL,NULL,NULL,NULL,NULL,NULL,NULL,NULL,NULL,NULL,NULL,NULL,NULL,NULL,NULL,NULL,NULL,NULL,NULL,NULL,NULL,NULL,NULL),(40,'Présence +++ de cafards qui se retrouvent même dans les parties communes de la résidence.\r\nHumidité et moisissures également présentes\r\n','[]',0,'2','1','1','CAF',NULL,NULL,NULL,NULL,NULL,NULL,NULL,'Monsieur Dupont',NULL,NULL,NULL,1,0,NULL,NULL,NULL,1,'Dehayes','Catherine','0302030203','catherine@test.fr','Conseil départemental de l\'Isère','DESJARDINS','THIBAULT','0622990365','thibault.desjardins@beta.gouv.fr','2 Rue Servien','92190','Meudon',1,NULL,'2022-03-31 08:16:37',NULL,'[]',7,'2022-40','[]','{\"lat\":\"2.239594\",\"lng\":\"48.808094\"}','62456365ec8a1',NULL,0,NULL,0,NULL,71.544715447154,NULL,NULL,NULL,NULL,NULL,'[]','92048',NULL,'PROFESSIONNEL',1,NULL,NULL,NULL,NULL,NULL,NULL,NULL,NULL,NULL,NULL,NULL,NULL,NULL,NULL,NULL,NULL,NULL,NULL,NULL,NULL,NULL,NULL,NULL,NULL,NULL,NULL,NULL,NULL,NULL,NULL,NULL,NULL),(41,'test test test','[]',1,'1','2',NULL,'0',NULL,NULL,NULL,NULL,NULL,NULL,NULL,'NOUNES',NULL,NULL,NULL,0,0,NULL,NULL,NULL,0,NULL,NULL,NULL,NULL,NULL,'Nounes','Chouaib','0766393679','chouaib.nounes@beta.gouv.fr','1','64000','PAU',1,NULL,'2022-03-31 12:19:31',NULL,'[]',2,'2022-41','[]','{\"lat\":\"\",\"lng\":\"\"}','62459c53bb911',NULL,0,NULL,0,NULL,100,NULL,NULL,NULL,NULL,'288 Avenue Georges Clemenceau, Vaux-le-Pénil','[]',NULL,'16a058c8ffe48c0cab3af70c4f19bf74',NULL,NULL,'2022-03-31 12:27:54',NULL,NULL,NULL,NULL,NULL,NULL,NULL,NULL,NULL,NULL,NULL,NULL,NULL,NULL,NULL,NULL,NULL,NULL,NULL,NULL,NULL,NULL,NULL,NULL,NULL,NULL,NULL,NULL,NULL,NULL,NULL),(42,'dddddddddddddddddddddddddddd','{\"1\":{\"file\":\"IMG-20220314-105744-6249b37b89495.jpg\",\"titre\":\"IMG_20220314_105744.jpg\"}}',NULL,'3',NULL,NULL,NULL,NULL,NULL,NULL,NULL,NULL,NULL,NULL,'dddddddddddddddddddddddd',NULL,NULL,NULL,NULL,NULL,NULL,NULL,NULL,0,NULL,NULL,NULL,NULL,NULL,'PINCHAI','Sundar','0102030405','test@test.fr','Rue Entraigues','83170','Brignoles',1,NULL,'2022-04-03 14:47:48',NULL,'[]',1,'2022-42','[]','{\"lat\":\"6.060785\",\"lng\":\"43.405596\"}','6249b3948d676',NULL,0,NULL,0,NULL,2.710027100271,NULL,NULL,NULL,NULL,NULL,'[]','83023',NULL,NULL,NULL,NULL,NULL,NULL,NULL,NULL,NULL,NULL,NULL,NULL,NULL,NULL,NULL,NULL,NULL,NULL,NULL,NULL,NULL,NULL,NULL,NULL,NULL,NULL,NULL,NULL,NULL,NULL,NULL,NULL,NULL,NULL,NULL),(43,'sgfsdgsgfsgfsgsdfgdfg','[{\"file\":\"Logo-MEL-svg-6249b755c78d3.png\",\"titre\":\"Logo_MEL.svg.png\"}]',NULL,'2',NULL,NULL,NULL,NULL,NULL,NULL,NULL,NULL,NULL,NULL,'fvvvvvvvvvvvvvvvvvvvv',NULL,NULL,NULL,NULL,NULL,NULL,NULL,NULL,0,NULL,NULL,NULL,NULL,NULL,'PINCHAI','Sundar','0102030405','sam@bzez.dev','Impasse 159 Bis Rue d’Entraigues','37000','Tours',1,NULL,'2022-04-03 15:04:50',NULL,'[{\"file\":\"signalement01-03-6249b77780083.pdf\",\"titre\":\"signalement01.03.pdf\"}]',2,'2022-43','[]','{\"lat\":\"0.67893\",\"lng\":\"47.386891\"}','6249b7923dd8b',NULL,0,NULL,0,NULL,2.710027100271,NULL,NULL,NULL,NULL,NULL,'[]','37261','b62aa949b82882ad0c66be524efe8374',NULL,NULL,'2022-04-05 08:12:40',NULL,NULL,NULL,NULL,NULL,NULL,NULL,NULL,NULL,NULL,NULL,NULL,NULL,NULL,NULL,NULL,NULL,NULL,NULL,NULL,NULL,NULL,NULL,NULL,NULL,NULL,NULL,NULL,NULL,NULL,NULL),(44,'sqdqqFqdfDQFDSfdsqfqsdfsdfsdqf','[{\"file\":\"LOGO-VGA-fond-blanc-6249cb71c8ae9.png\",\"titre\":\"LOGO VGA fond blanc.png\"},{\"file\":\"Logo-MEL-svg-6249cb868768d.png\",\"titre\":\"Logo_MEL.svg.png\"},{\"file\":\"IMG-20220314-105744-6249cbbaeeaff.jpg\",\"titre\":\"IMG_20220314_105744.jpg\"}]',NULL,'2',NULL,NULL,NULL,NULL,NULL,NULL,NULL,NULL,NULL,NULL,'qsdqsdqsdqsdqsd',NULL,NULL,NULL,NULL,NULL,NULL,NULL,NULL,0,NULL,NULL,NULL,NULL,NULL,'FIREFOX','qsdfqsdfqs','0102030450','dsdssd@dsd.fr','Rue','34430','Saint-Jean-de-Védas',1,NULL,'2022-04-03 16:33:15',NULL,'[{\"file\":\"Rapport-HI-SORIANO-62349101d149a-6249cc466ba04.pdf\",\"titre\":\"Rapport-HI-SORIANO-62349101d149a.pdf\"}]',2,'2022-44','[]','{\"lat\":\"3.824727\",\"lng\":\"43.577467\"}','6249cc4b3f517',NULL,0,NULL,0,NULL,5.420054200542,NULL,NULL,NULL,NULL,NULL,'[]','34270','82ebe2577d504fcc5014aac6f6cb5bec',NULL,NULL,'2022-04-05 08:13:46',NULL,NULL,NULL,NULL,NULL,NULL,NULL,NULL,NULL,NULL,NULL,NULL,NULL,NULL,NULL,NULL,NULL,NULL,NULL,NULL,NULL,NULL,NULL,NULL,NULL,NULL,NULL,NULL,NULL,NULL,NULL),(45,'je ne souhaite plus payer le loyer','[]',1,'2',NULL,NULL,'0',NULL,NULL,NULL,NULL,NULL,NULL,NULL,'NOUNESTEST',NULL,NULL,NULL,0,0,NULL,NULL,NULL,0,NULL,NULL,NULL,NULL,NULL,'Nounes','Chouaib','0766393679','chouaib.nounes@beta.gouv.fr','1','64000','PAU',1,7,'2022-04-04 08:18:30','2022-04-05 07:37:12','[]',2,'2022-45','{\"9\":{\"critere\":{\"7\":{\"criticite\":{\"5\":{\"label\":\"La porte ferme difficilement et laisse passer l\\u2019air. La porte est facile \\u00e0 crocheter, il y a un espace entre le cadre et la porte, et pas d\\u2019isolation thermique. \",\"score\":2}},\"label\":\"L\'entr\\u00e9e du b\\u00e2timent est ab\\u00eem\\u00e9e ou mal s\\u00e9curis\\u00e9e\"},\"10\":{\"criticite\":{\"13\":{\"label\":\"Il n\'y a pas de garde-corps, ils sont tr\\u00e8s ab\\u00eem\\u00e9s ou mesurent moins de 1 m\\u00e8tre de hauteur.\",\"score\":3}},\"label\":\"Le b\\u00e2timent n\\u2019est pas s\\u00e9curis\\u00e9 contre les chutes.\"}},\"label\":\"la s\\u00e9curit\\u00e9 des occupants\"},\"10\":{\"critere\":{\"60\":{\"criticite\":{\"75\":{\"label\":\"Il y a des traces d\'eau dans les pi\\u00e8ces d\\u2019eau uniquement.\",\"score\":2}},\"label\":\"De l\'eau s\\u2019infiltre dans mon logement.\"},\"61\":{\"criticite\":{\"78\":{\"label\":\"il y a des traces de moisissures dans les pi\\u00e8ces d\\u2019eau uniquement ou de petites traces de moisissures dans l\\u2019ensemble du logement. \",\"score\":2}},\"label\":\"Il y a des traces importantes de moisissures.\"}},\"label\":\"l\'\\u00e9tat et propret\\u00e9 du logement\"},\"13\":{\"critere\":{\"52\":{\"criticite\":{\"106\":{\"label\":\"Salon ou salle \\u00e0 manger du logement de moins de 7m2\",\"score\":3}},\"label\":\"Mon salon ou ma salle \\u00e0 manger mesure moins de 7m\\u00b2.\"}},\"label\":\"les espaces de vie\"}}','{\"lat\":\"\",\"lng\":\"\"}','624aa9d616755',NULL,0,NULL,0,NULL,100,NULL,NULL,NULL,NULL,'288 Avenue Georges Clemenceau, Vaux-le-Pénil','[]',NULL,'6c2b9aa334a0c75eca9688f6a73d49b9',NULL,NULL,'2022-04-04 08:21:27',NULL,NULL,NULL,NULL,NULL,NULL,NULL,NULL,NULL,NULL,NULL,NULL,NULL,NULL,NULL,NULL,NULL,NULL,NULL,NULL,NULL,NULL,NULL,NULL,NULL,NULL,NULL,NULL,NULL,NULL,NULL),(46,'g gsg sfqh gsfdhfdhfsd','[]',1,'2','2',NULL,'CAF','5454654654654',NULL,NULL,NULL,NULL,NULL,NULL,'Alban Sestiaa',NULL,NULL,NULL,0,NULL,NULL,NULL,NULL,0,NULL,NULL,NULL,NULL,NULL,'Sestiaa','Alban','0202020202','alban.sestiaa@beta.gouv.fr','Le Pt Rue','91680','Bruyères-le-Châtel',1,NULL,'2022-04-06 13:57:32',NULL,'[]',1,'2022-46','[]','{\"lat\":\"\",\"lng\":\"\"}','624d9c4c3a0a0',NULL,0,NULL,0,NULL,100,NULL,NULL,NULL,NULL,NULL,'[]',NULL,NULL,NULL,NULL,NULL,NULL,NULL,NULL,NULL,NULL,NULL,NULL,NULL,NULL,NULL,NULL,NULL,NULL,NULL,NULL,NULL,NULL,NULL,NULL,NULL,NULL,NULL,NULL,NULL,NULL,NULL,NULL,NULL,NULL,NULL,NULL),(47,'test proprio','[]',0,'2',NULL,NULL,NULL,NULL,NULL,NULL,NULL,NULL,NULL,NULL,'Alban Sestiaa',NULL,NULL,NULL,NULL,NULL,NULL,NULL,NULL,0,NULL,NULL,NULL,NULL,NULL,'Sestiaa','Alban','0202020202','alban.sestiaa@beta.gouv.fr','4 Rue des Prés','44000','Nantes',1,NULL,'2022-04-06 13:59:17',NULL,'[{\"file\":\"SendInBlue-Invoice-1056415-624d9f4f6d09c.pdf\",\"titre\":\"SendInBlue_Invoice-1056415.pdf\",\"user\":4}]',2,'2022-47','[]','{\"lat\":\"-1.566953\",\"lng\":\"47.229594\"}','624d9cb59e44f','2022-01-01 00:00:00',0,NULL,0,NULL,13.550135501355,NULL,NULL,NULL,NULL,NULL,'[]','44109','6639eddfbc9e84f994c9883d5e61c3a9',NULL,NULL,'2022-04-06 14:09:19',NULL,NULL,NULL,NULL,NULL,NULL,NULL,NULL,NULL,NULL,NULL,NULL,NULL,NULL,NULL,NULL,NULL,NULL,NULL,NULL,NULL,NULL,NULL,NULL,NULL,NULL,NULL,NULL,NULL,NULL,NULL);
/*!40000 ALTER TABLE `signalement` ENABLE KEYS */;
UNLOCK TABLES;

--
-- Table structure for table `signalement_critere`
--

DROP TABLE IF EXISTS `signalement_critere`;
/*!40101 SET @saved_cs_client     = @@character_set_client */;
/*!40101 SET character_set_client = utf8 */;
CREATE TABLE `signalement_critere` (
  `signalement_id` int(11) NOT NULL,
  `critere_id` int(11) NOT NULL,
  PRIMARY KEY (`signalement_id`,`critere_id`),
  KEY `IDX_81C2C8A765C5E57E` (`signalement_id`),
  KEY `IDX_81C2C8A79E5F45AB` (`critere_id`),
  CONSTRAINT `FK_81C2C8A765C5E57E` FOREIGN KEY (`signalement_id`) REFERENCES `signalement` (`id`) ON DELETE CASCADE,
  CONSTRAINT `FK_81C2C8A79E5F45AB` FOREIGN KEY (`critere_id`) REFERENCES `critere` (`id`) ON DELETE CASCADE
) ENGINE=InnoDB DEFAULT CHARSET=utf8mb4 COLLATE=utf8mb4_unicode_ci;
/*!40101 SET character_set_client = @saved_cs_client */;

--
-- Dumping data for table `signalement_critere`
--

LOCK TABLES `signalement_critere` WRITE;
/*!40000 ALTER TABLE `signalement_critere` DISABLE KEYS */;
INSERT INTO `signalement_critere` VALUES (1,7),(1,10),(1,14),(2,7),(2,14),(2,55),(2,58),(2,59),(2,71),(3,7),(3,17),(3,60),(3,61),(3,65),(3,76),(4,7),(4,13),(4,57),(4,60),(4,61),(5,7),(5,9),(5,13),(5,57),(5,61),(5,62),(6,13),(6,60),(6,65),(6,68),(6,69),(7,8),(7,9),(7,11),(7,14),(7,65),(7,70),(8,65),(8,76),(9,19),(9,60),(9,61),(10,59),(10,61),(10,74),(11,7),(12,56),(12,70),(13,7),(13,11),(14,13),(15,82),(16,59),(16,61),(16,74),(17,13),(18,61),(19,14),(19,53),(19,74),(20,68),(21,10),(21,47),(22,13),(22,61),(23,10),(23,52),(23,77),(24,62),(24,71),(25,16),(25,48),(26,7),(26,10),(26,17),(26,61),(26,71),(27,7),(28,7),(28,10),(28,15),(28,55),(29,9),(29,11),(29,13),(29,66),(30,7),(30,68),(31,17),(32,10),(32,65),(33,65),(33,68),(33,79),(34,72),(34,82),(35,76),(35,79),(36,7),(36,16),(36,69),(36,79),(37,14),(37,17),(37,55),(37,60),(37,62),(38,14),(38,17),(38,57),(38,62),(38,64),(39,48),(39,53),(39,64),(40,59),(40,61),(40,71),(40,74),(41,7),(41,10),(41,14),(41,16),(42,7),(43,7),(44,7),(45,7),(45,10),(45,52),(45,60),(45,61),(46,9),(46,82),(47,48),(47,70);
/*!40000 ALTER TABLE `signalement_critere` ENABLE KEYS */;
UNLOCK TABLES;

--
-- Table structure for table `signalement_criticite`
--

DROP TABLE IF EXISTS `signalement_criticite`;
/*!40101 SET @saved_cs_client     = @@character_set_client */;
/*!40101 SET character_set_client = utf8 */;
CREATE TABLE `signalement_criticite` (
  `signalement_id` int(11) NOT NULL,
  `criticite_id` int(11) NOT NULL,
  PRIMARY KEY (`signalement_id`,`criticite_id`),
  KEY `IDX_67E4FE2B65C5E57E` (`signalement_id`),
  KEY `IDX_67E4FE2BC141C0A0` (`criticite_id`),
  CONSTRAINT `FK_67E4FE2B65C5E57E` FOREIGN KEY (`signalement_id`) REFERENCES `signalement` (`id`) ON DELETE CASCADE,
  CONSTRAINT `FK_67E4FE2BC141C0A0` FOREIGN KEY (`criticite_id`) REFERENCES `criticite` (`id`) ON DELETE CASCADE
) ENGINE=InnoDB DEFAULT CHARSET=utf8mb4 COLLATE=utf8mb4_unicode_ci;
/*!40101 SET character_set_client = @saved_cs_client */;

--
-- Dumping data for table `signalement_criticite`
--

LOCK TABLES `signalement_criticite` WRITE;
/*!40000 ALTER TABLE `signalement_criticite` DISABLE KEYS */;
INSERT INTO `signalement_criticite` VALUES (1,6),(1,13),(1,20),(2,6),(2,21),(2,40),(2,51),(2,55),(2,136),(3,6),(3,30),(3,73),(3,75),(3,78),(3,129),(4,6),(4,18),(4,48),(4,75),(4,79),(5,5),(5,19),(5,47),(5,78),(5,81),(5,123),(6,1),(6,19),(6,65),(6,76),(6,129),(7,8),(7,15),(7,21),(7,69),(7,123),(7,129),(7,130),(8,73),(8,128),(9,37),(9,74),(9,78),(10,54),(10,58),(10,79),(11,4),(12,42),(12,68),(13,6),(13,15),(14,18),(15,155),(16,54),(16,58),(16,79),(17,19),(18,78),(19,21),(19,57),(19,109),(20,2),(21,12),(21,96),(22,18),(22,77),(23,13),(23,61),(23,106),(24,82),(24,136),(25,24),(25,100),(26,4),(26,12),(26,31),(26,78),(26,135),(27,5),(28,5),(28,11),(28,39),(28,147),(29,15),(29,19),(29,122),(29,131),(30,3),(30,4),(31,30),(32,12),(32,129),(33,3),(33,128),(33,142),(34,115),(34,154),(35,72),(35,141),(36,5),(36,24),(36,67),(36,141),(37,20),(37,31),(37,39),(37,75),(37,81),(38,21),(38,30),(38,48),(38,81),(38,91),(39,91),(39,100),(39,109),(40,55),(40,58),(40,79),(40,136),(41,5),(41,13),(41,21),(41,24),(42,4),(43,4),(44,5),(45,5),(45,13),(45,75),(45,78),(45,106),(46,123),(46,154),(47,69),(47,100);
/*!40000 ALTER TABLE `signalement_criticite` ENABLE KEYS */;
UNLOCK TABLES;

--
-- Table structure for table `signalement_situation`
--

DROP TABLE IF EXISTS `signalement_situation`;
/*!40101 SET @saved_cs_client     = @@character_set_client */;
/*!40101 SET character_set_client = utf8 */;
CREATE TABLE `signalement_situation` (
  `signalement_id` int(11) NOT NULL,
  `situation_id` int(11) NOT NULL,
  PRIMARY KEY (`signalement_id`,`situation_id`),
  KEY `IDX_E4FA897965C5E57E` (`signalement_id`),
  KEY `IDX_E4FA89793408E8AF` (`situation_id`),
  CONSTRAINT `FK_E4FA89793408E8AF` FOREIGN KEY (`situation_id`) REFERENCES `situation` (`id`) ON DELETE CASCADE,
  CONSTRAINT `FK_E4FA897965C5E57E` FOREIGN KEY (`signalement_id`) REFERENCES `signalement` (`id`) ON DELETE CASCADE
) ENGINE=InnoDB DEFAULT CHARSET=utf8mb4 COLLATE=utf8mb4_unicode_ci;
/*!40101 SET character_set_client = @saved_cs_client */;

--
-- Dumping data for table `signalement_situation`
--

LOCK TABLES `signalement_situation` WRITE;
/*!40000 ALTER TABLE `signalement_situation` DISABLE KEYS */;
INSERT INTO `signalement_situation` VALUES (1,9),(2,9),(2,10),(3,9),(3,10),(3,11),(4,9),(4,10),(5,9),(5,10),(5,12),(6,10),(6,11),(7,9),(7,11),(7,12),(8,11),(9,10),(9,14),(10,9),(10,10),(11,9),(12,11),(13,9),(13,12),(14,10),(15,12),(16,9),(16,10),(17,10),(18,10),(19,9),(19,13),(20,11),(21,9),(21,13),(22,10),(23,9),(23,13),(24,10),(25,9),(25,13),(26,9),(26,10),(27,9),(28,9),(29,10),(29,12),(30,9),(30,11),(31,9),(32,9),(32,11),(33,11),(34,12),(34,14),(35,11),(36,9),(36,11),(37,9),(37,10),(38,9),(38,10),(39,10),(39,13),(40,9),(40,10),(41,9),(42,9),(43,9),(44,9),(45,9),(45,10),(45,13),(46,12),(47,11),(47,13);
/*!40000 ALTER TABLE `signalement_situation` ENABLE KEYS */;
UNLOCK TABLES;

--
-- Table structure for table `situation`
--

DROP TABLE IF EXISTS `situation`;
/*!40101 SET @saved_cs_client     = @@character_set_client */;
/*!40101 SET character_set_client = utf8 */;
CREATE TABLE `situation` (
  `id` int(11) NOT NULL AUTO_INCREMENT,
  `label` varchar(255) COLLATE utf8mb4_unicode_ci NOT NULL,
  `menu_label` varchar(255) COLLATE utf8mb4_unicode_ci NOT NULL,
  `created_at` datetime NOT NULL COMMENT '(DC2Type:datetime_immutable)',
  `modified_at` datetime DEFAULT NULL COMMENT '(DC2Type:datetime_immutable)',
  `is_active` tinyint(1) NOT NULL,
  `icon` varchar(50) COLLATE utf8mb4_unicode_ci DEFAULT NULL,
  `is_archive` tinyint(1) NOT NULL,
  PRIMARY KEY (`id`)
) ENGINE=InnoDB AUTO_INCREMENT=15 DEFAULT CHARSET=utf8mb4 COLLATE=utf8mb4_unicode_ci;
/*!40101 SET character_set_client = @saved_cs_client */;

--
-- Dumping data for table `situation`
--

LOCK TABLES `situation` WRITE;
/*!40000 ALTER TABLE `situation` DISABLE KEYS */;
INSERT INTO `situation` VALUES (1,'Extérieur','Extérieurs','2022-01-05 14:54:17',NULL,0,NULL,0),(2,'les parties communes','Parties Communes','2022-01-05 14:54:17',NULL,0,NULL,0),(3,'Logement','Logement','2022-01-05 14:54:17',NULL,0,NULL,0),(4,'l\'espace habitable','Espace Habitable','2022-01-05 14:54:17',NULL,0,NULL,0),(5,'l\'hygiène du logement','Hygiène Logement','2022-01-05 14:54:17',NULL,0,NULL,0),(6,'la sécurité du logement','Sécurité Logement','2022-01-05 14:54:17',NULL,0,NULL,0),(8,'les performances énergétiques','Performances énergétiques','2022-01-05 14:54:17',NULL,0,NULL,0),(9,'la sécurité des occupants','Sécurité des occupants','2022-01-05 14:54:17',NULL,1,NULL,0),(10,'l\'état et propreté du logement','Etat et propreté du logement','2022-01-05 14:54:17',NULL,1,NULL,0),(11,'le confort du logement','confort du logement','2022-01-05 14:54:17',NULL,1,NULL,0),(12,'l\'état du bâtiment','Etat du bâtiment','2022-01-05 14:54:17',NULL,1,NULL,0),(13,'les espaces de vie','Les espaces de vie','2022-01-05 14:54:17',NULL,1,NULL,0),(14,'la vie commune et le voisinage','Vie commune et voisinage','2022-01-05 14:54:17',NULL,1,NULL,0);
/*!40000 ALTER TABLE `situation` ENABLE KEYS */;
UNLOCK TABLES;

--
-- Table structure for table `suivi`
--

DROP TABLE IF EXISTS `suivi`;
/*!40101 SET @saved_cs_client     = @@character_set_client */;
/*!40101 SET character_set_client = utf8 */;
CREATE TABLE `suivi` (
  `id` int(11) NOT NULL AUTO_INCREMENT,
  `created_by_id` int(11) DEFAULT NULL,
  `created_at` datetime NOT NULL COMMENT '(DC2Type:datetime_immutable)',
  `description` longtext COLLATE utf8mb4_unicode_ci NOT NULL,
  `is_public` tinyint(1) NOT NULL,
  `signalement_id` int(11) NOT NULL,
  PRIMARY KEY (`id`),
  KEY `IDX_2EBCCA8FB03A8386` (`created_by_id`),
  KEY `IDX_2EBCCA8F65C5E57E` (`signalement_id`),
  CONSTRAINT `FK_2EBCCA8F65C5E57E` FOREIGN KEY (`signalement_id`) REFERENCES `signalement` (`id`),
  CONSTRAINT `FK_2EBCCA8FB03A8386` FOREIGN KEY (`created_by_id`) REFERENCES `user` (`id`)
) ENGINE=InnoDB AUTO_INCREMENT=144 DEFAULT CHARSET=utf8mb4 COLLATE=utf8mb4_unicode_ci;
/*!40101 SET character_set_client = @saved_cs_client */;

--
-- Dumping data for table `suivi`
--

LOCK TABLES `suivi` WRITE;
/*!40000 ALTER TABLE `suivi` DISABLE KEYS */;
INSERT INTO `suivi` VALUES (1,1,'2022-03-03 08:57:26','Signalement validé',1,9),(2,1,'2022-03-03 09:30:35','J\'organise une visite le 05/03',0,9),(3,1,'2022-03-03 09:35:15','Le logement et bien en infraction de type XYZ . L\'allocation Caf peut être consigné',1,9),(4,1,'2022-03-03 09:44:40','message est envoyé à l\'ensemble des partenaire',0,9),(5,1,'2022-03-03 09:48:19','Le signalement à été cloturé pour tous les partenaires avec le motif suivant: <br> <strong>RESOLU</strong>',0,9),(6,1,'2022-03-03 09:48:55','Signalement validé',1,10),(7,1,'2022-03-03 09:49:17','Le signalement à été cloturé pour tous les partenaires avec le motif suivant: <br> <strong>RESOLU</strong>',0,10),(8,5,'2022-03-03 11:09:37','Signalement validé',1,8),(9,7,'2022-03-04 13:44:15','Signalement validé',1,7),(10,4,'2022-03-07 13:50:03','Signalement validé',1,12),(11,4,'2022-03-07 13:52:53','visite effectué le 28 février ',0,12),(12,4,'2022-03-07 13:53:11','commentaires',0,12),(13,4,'2022-03-07 13:54:06','blablablablabla',1,12),(14,1,'2022-03-09 11:20:20','Signalement validé',1,13),(15,1,'2022-03-09 11:22:24','Suivi suivi',1,13),(16,1,'2022-03-10 09:27:08','Signalement validé',1,16),(17,1,'2022-03-10 09:29:06','Je vais prendre rdv pour une visite le 15/03',0,16),(18,1,'2022-03-10 09:29:54','J\'ai fait partir un courrier au propriétaire',1,16),(19,1,'2022-03-11 10:25:34','<h1>Test du nouvel &eacute;diteur</h1>\r\nMerveilleux<br />\r\nAmazing<br />\r\n<strong><em>J\'adore</em></strong><br />\r\n&nbsp;<br />\r\nSUPER<br />',0,16),(20,3,'2022-03-11 15:17:48','Le signalement à été cloturé pour Administrateurs HISTOLOGE avec le motif suivant: <br> <strong>RESOLU</strong>',0,7),(21,3,'2022-03-11 15:55:47','Les travaux sont effectu&eacute;s, le logement est maintenant aux normes<br />',0,16),(22,3,'2022-03-11 15:55:54','Le signalement à été cloturé pour Administrateurs HISTOLOGE avec le motif suivant: <br> <strong>RESOLU</strong>',0,16),(23,5,'2022-03-13 19:03:29','Signalement rouvert pour tous les partenaires',1,16),(24,1,'2022-03-14 13:06:42','Signalement rouvert pour tous les partenaires',1,10),(25,1,'2022-03-14 13:07:04','Signalement rouvert pour tous les partenaires',1,7),(26,1,'2022-03-14 15:19:49','Signalement cloturé car non-valide',1,17),(27,5,'2022-03-16 21:40:17','Signalement rouvert pour tous les partenaires',1,17),(28,5,'2022-03-16 23:14:30','test<br />',0,13),(29,5,'2022-03-16 23:27:24','Modification du signalement par un partenaire',0,1),(30,4,'2022-03-17 08:32:14','Signalement validé',1,18),(31,4,'2022-03-17 09:46:25','Signalement validé',1,19),(32,4,'2022-03-17 09:46:54','Contact pris ....<br />',0,19),(33,4,'2022-03-17 16:35:14','Signalement validé',1,15),(34,8,'2022-03-18 09:20:28','Le signalement à été refusé avec le motif suivant:<br> Test de refus du signalement&nbsp;<br>',0,18),(35,8,'2022-03-18 09:21:09','Le signalement à été cloturé pour Partenaire A avec le motif suivant: <br> <strong>LOGEMENT DECENT</strong><br><strong>Desc.: </strong>test de cloture&nbsp;<br>',0,18),(36,8,'2022-03-18 09:46:23','Le signalement à été refusé avec le motif suivant:<br> test annulation firefox<br>',0,16),(37,8,'2022-03-18 09:47:17','Le signalement à été cloturé pour Partenaire A avec le motif suivant: <br> <strong>LOCATAIRE PARTI</strong><br><strong>Desc.: </strong>Test de cloture (locataire parti)<br>',0,16),(38,8,'2022-03-18 09:55:19','Le signalement à été refusé avec le motif suivant:<br> Test de refus edge<br>',0,13),(39,8,'2022-03-18 09:55:43','Le signalement à été cloturé pour Partenaire A avec le motif suivant: <br> <strong>LOGEMENT VENDU</strong><br><strong>Desc.: </strong>cloture vendu<br>',0,13),(40,4,'2022-03-18 15:25:42','Signalement validé',1,20),(41,5,'2022-03-18 20:56:17','Signalement validé',1,21),(42,5,'2022-03-18 20:56:26','Le signalement à été cloturé pour tous les partenaires avec le motif suivant: <br> <strong>RESOLU</strong><br><strong>Desc.: </strong>CLOTURE TEST<br>',0,21),(43,5,'2022-03-18 20:57:04','<ul>\r\n<li>hjkgj</li>\r\n<li>ogjkhuo</li>\r\n<li>jhkghjkgjk</li>\r\n</ul>',0,16),(44,5,'2022-03-18 20:58:46','Signalement rouvert pour tous les partenaires',1,21),(45,5,'2022-03-18 20:58:57','Le signalement à été refusé avec le motif suivant:<br> dfgdfgdfsgdgdfgdf<br>',0,21),(46,5,'2022-03-20 18:35:51','Le signalement à été refusé avec le motif suivant:<br> ',0,21),(47,5,'2022-03-20 18:36:23','Le signalement à été refusé avec le motif suivant:<br> ',0,21),(48,1,'2022-03-21 13:15:12','Signalement validé',1,23),(49,1,'2022-03-21 13:15:28','test ssuivi signalement<br />',0,23),(50,1,'2022-03-21 17:16:05','&nbsp;<a class=\"fr-btn fr-fi-eye-fill fr-btn--icon-left\" title=\"Afficher le document\" href=\"../../_up/BO-CGU-Histologe-2022-62388088e15bb.pdf?t=___TOKEN___\" target=\"_blank\" rel=\"noopener\">Consulter \"BO - CGU_Histologe_2022.pdf\"</a><br />',0,21),(51,1,'2022-03-21 17:23:08','Signalement validé',1,22),(52,3,'2022-03-21 17:25:36','Le signalement à été refusé avec le motif suivant:<br> rerererere rere&nbsp;<br>',0,22),(53,1,'2022-03-21 17:29:08','Signalement validé',1,24),(54,1,'2022-03-21 17:29:51','&nbsp;<a class=\"fr-btn fr-fi-eye-fill fr-btn--icon-left\" title=\"Afficher le document\" href=\"../../_up/FAQ-Histologe-6238b5fdc5bc1.xlsx?t=___TOKEN___\" target=\"_blank\" rel=\"noopener\">Consulter \"FAQ - Histologe.xlsx\"</a><br />',1,24),(55,4,'2022-03-22 08:57:48','Signalement validé',1,25),(56,4,'2022-03-22 09:01:28','Visite le 23 avril 2022&nbsp;<br />',0,25),(57,1,'2022-03-22 09:57:20','',1,24),(58,8,'2022-03-22 09:58:03','Signalement rouvert pour PARTENAIRE A',1,16),(59,8,'2022-03-22 10:01:57','test de suivi suite rouverture de signalement<br />',0,16),(60,1,'2022-03-22 10:03:18','Bonjour,<br />\nVotre document est disponible. Cliquez sur le bouton ci-dessous pour le consulter :<br />\n&nbsp;<a class=\"fr-btn fr-fi-eye-fill fr-btn--icon-left\" title=\"Afficher le document\" href=\"../../_up/histologe-presentation-admin-territoire-V3-fev2022-6238b68374c2f.pdf?t=___TOKEN___\" target=\"_blank\" rel=\"noopener\">Consulter \"histologe-presentation-admin-territoire-V3-fev2022.pdf\"</a><br />',1,24),(61,8,'2022-03-22 14:12:34','Le signalement à été cloturé pour Partenaire A avec le motif suivant: <br> <strong>RESOLU</strong><br><strong>Desc.: </strong>fsqdd fgfsdgfdhgfdshs<br>',0,16),(62,1,'2022-03-22 15:13:49','hgbkhiiojkomjhujilkm<br />',0,24),(63,1,'2022-03-22 15:14:02','huijokoiuhyghujkl<br />\n&nbsp;<a class=\"fr-btn fr-fi-eye-fill fr-btn--icon-left\" title=\"Afficher le document\" href=\"../../_up/histologe-personnalisation-page-accueil-6238b683748bc.pdf?t=__TOKEN__\" target=\"_blank\" rel=\"noopener\">Consulter \"histologe-personnalisation-page-accueil.pdf\"</a><br />',1,24),(64,1,'2022-03-22 15:22:28','<ol>\r\n<li>huhi</li>\r\n<li>jijko</li>\r\n<li>jilkk</li>\r\n</ol>',0,24),(65,1,'2022-03-22 15:22:43','<ul>\r\n<li>jjj</li>\r\n<li>hhh</li>\r\n<li>hhhh</li>\r\n</ul>',0,24),(66,5,'2022-03-22 20:16:57','Signalement cloturé car non-valide',1,27),(67,5,'2022-03-22 20:17:07','Signalement rouvert pour tous les partenaires',1,27),(68,5,'2022-03-22 22:19:17','Signalement cloturé car non-valide',1,26),(69,5,'2022-03-22 22:19:23','Signalement rouvert pour tous les partenaires',1,26),(70,4,'2022-03-23 09:26:34','Signalement validé',1,28),(71,4,'2022-03-23 09:37:11','Signalement validé',1,14),(72,1,'2022-03-23 12:48:14','Signalement validé',1,29),(73,1,'2022-03-23 12:49:28','je viens d affecter 3 partenaires d un coup<br />\r\nfaut voir s il y a toujours des caracteres speciaux avec le retour ligne&nbsp;<a class=\"fr-btn fr-fi-eye-fill fr-btn--icon-left\" title=\"Afficher le document\" href=\"../../_up/StartUpEtat-GuidePerennisation-623b168a2931b.pdf?t=555a02566.6Dr3bkTJH6Dx0v3clB07LjEYRfQ9uco4hDVOm714f0I.rFSTBAuKZ_qCnMmKw0pLTWlycZVaiJBevQ168uJAFwqYSLEsdK5Yz6C9uA\" target=\"_blank\" rel=\"noopener\">Consulter \"StartUpEtat_GuideP&eacute;rennisation.pdf\"</a><br />',1,29),(74,1,'2022-03-23 12:50:08','test d ajout de doc pour partage&nbsp;<a class=\"fr-btn fr-fi-eye-fill fr-btn--icon-left\" title=\"Afficher le document\" href=\"../../_up/Histologe-la-newsletter-4-623b176da116a.png?t=__TOKEN__\" target=\"_blank\" rel=\"noopener\">Consulter \"Histologe - la newsletter #4.png\"</a><br />',0,29),(75,1,'2022-03-23 12:53:55','Le signalement à été cloturé pour tous les partenaires avec le motif suivant: <br> <strong>RESOLU</strong><br><strong>Desc.: </strong>test testlknlkn<br>',0,29),(76,1,'2022-03-23 12:54:01','Signalement rouvert pour tous les partenaires',1,29),(77,1,'2022-03-23 12:55:10','Modification du signalement par un partenaire',0,29),(78,3,'2022-03-24 09:28:57','Je vais appeler l\'occupant pour prendre rdv pour une visite de son logement. Je vous transmettrai le compte rendu.<br />',0,28),(79,3,'2022-03-24 09:30:06','Suite &agrave; la visite nous prenons un arret&eacute; de peril<br />',1,28),(80,3,'2022-03-24 09:43:18','Le signalement à été cloturé pour Administrateurs HISTOLOGE avec le motif suivant: <br> <strong>RESOLU</strong><br><strong>Desc.: </strong>les travaux ont &eacute;t&eacute; fait<br>',0,28),(81,5,'2022-03-24 11:25:52','qSdfqsgsgdsqgsdgqsfgqfgfg<br />\n&nbsp;<a class=\"fr-btn fr-fi-eye-fill fr-btn--icon-left\" title=\"Afficher le document\" href=\"../../_up/Histologe-presentation-partenaire-V3-fev2022-6238b68374f6e.pdf?t=___TOKEN___\" target=\"_blank\" rel=\"noopener\">Consulter \"Histologe-presentation-partenaire-V3-fev2022.pdf\"</a><br />',1,24),(82,4,'2022-03-24 16:01:24','Signalement validé',1,36),(83,4,'2022-03-24 16:02:00','test de lien &nbsp;<a class=\"fr-btn fr-fi-eye-fill fr-btn--icon-left\" title=\"Afficher le document\" href=\"../../_up/BO-CGU-Histologe-2022-623c95e3ebf05.pdf?t=___TOKEN___\" target=\"_blank\" rel=\"noopener\">Consulter \"BO - CGU_Histologe_2022.pdf\"</a><br />',0,36),(84,3,'2022-03-24 18:01:03','Le signalement à été cloturé pour Administrateurs HISTOLOGE avec le motif suivant: <br> <strong>INDECENCE</strong><br><strong>Desc.: </strong>test test test<br>',0,12),(85,5,'2022-03-24 18:22:12','Le signalement à été cloturé pour Administrateurs HISTOLOGE avec le motif suivant: <br> <strong>RESOLU</strong><br><strong>Desc.: </strong>ddfdfdsfdsfdsfsdfsdfdsf<br>',0,24),(86,3,'2022-03-24 18:22:27','Le signalement à été cloturé pour Administrateurs HISTOLOGE avec le motif suivant: <br> <strong>RESOLU</strong><br><strong>Desc.: </strong>testetetste<br>',0,8),(87,3,'2022-03-24 18:22:45','Signalement rouvert pour ADMINISTRATEURS HISTOLOGE',1,8),(88,3,'2022-03-24 18:24:05','Le signalement à été refusé avec le motif suivant:<br> test maj site<br>',0,36),(89,3,'2022-03-24 18:27:25','Signalement rouvert pour ADMINISTRATEURS HISTOLOGE',1,24),(90,1,'2022-03-24 18:29:45','Signalement validé',1,37),(91,5,'2022-03-24 18:29:49','Signalement rouvert pour ADMINISTRATEURS HISTOLOGE',1,12),(92,3,'2022-03-24 18:36:29','Le signalement à été cloturé pour Administrateurs HISTOLOGE avec le motif suivant: <br> <strong>LOGEMENT DECENT</strong><br><strong>Desc.: </strong>tttttttttttttttttttttttttt<br>',0,36),(93,3,'2022-03-24 18:37:13','Le signalement à été refusé avec le motif suivant:<br> testtetetst<br>',0,24),(94,5,'2022-03-24 21:54:58','Le signalement à été refusé avec le motif suivant:<br> dddddddddddddddddddd<br>',0,37),(95,4,'2022-03-25 08:12:44','Signalement validé',1,35),(96,4,'2022-03-28 12:30:01','Signalement cloturé car non-valide',1,34),(97,4,'2022-03-28 12:30:06','Signalement rouvert pour tous les partenaires',1,34),(98,1,'2022-03-29 08:02:05','Signalement rouvert pour tous les partenaires',1,36),(99,1,'2022-03-29 09:50:06','Modification du signalement par un partenaire',0,2),(100,4,'2022-03-29 09:50:27','Modification du signalement par un partenaire',0,1),(101,1,'2022-03-29 09:50:34','Modification du signalement par un partenaire',0,2),(102,1,'2022-03-29 09:52:58','Modification du signalement par un partenaire',0,2),(103,4,'2022-03-29 09:53:48','Signalement validé',1,1),(104,4,'2022-03-29 09:54:10','La DDT a &eacute;crit au maire le 24/03/2022 pour la prise d\'un<strong> arr&ecirc;t&eacute; de mise en s&eacute;curit&eacute;</strong>.<br />',0,1),(105,1,'2022-03-29 09:54:22','Modification du signalement par un partenaire',0,2),(106,1,'2022-03-29 09:56:57','Modification du signalement par un partenaire',0,34),(107,1,'2022-03-29 10:01:44','Modification du signalement par un partenaire',0,3),(108,1,'2022-03-29 10:03:34','Signalement validé',1,3),(109,4,'2022-03-29 10:04:29','Modification du signalement par un partenaire',0,4),(110,4,'2022-03-29 10:05:28','Signalement validé',1,4),(111,1,'2022-03-29 10:13:48','Modification du signalement par un partenaire',0,5),(112,1,'2022-03-29 10:15:29','Signalement validé',1,5),(113,4,'2022-03-29 10:17:47','Modification du signalement par un partenaire',0,6),(114,4,'2022-03-29 10:18:27','Signalement validé',1,6),(115,5,'2022-03-29 10:19:14','Modification du signalement par un partenaire',0,37),(116,4,'2022-03-29 10:19:31','En date du<strong> 22/03/2022</strong>, r&eacute;ception d\'un <strong>courrier du maire</strong> de la commune ayant visit&eacute; le logement le <strong>21/03/2022</strong>.<br>Mme la Maire a constat&eacute; la <strong>r&eacute;alisation des travaux demand&eacute;s</strong>.<br>Les <strong>locataires</strong> ont r&eacute;alis&eacute; un &eacute;crit attestant leur <strong>satisfaction</strong> concernant lesdits travaux (en date du <strong>21/03/2022</strong>).<br>Compte tenu de l\'ensemble de ces &eacute;l&eacute;ments, l\'ARS <strong>clos</strong> de nouveau ce dossier.&nbsp;<br />',0,6),(117,4,'2022-03-29 10:21:23','Signalement rouvert pour tous les partenaires',1,9),(118,4,'2022-03-29 10:25:00','Modification du signalement par un partenaire',0,1),(119,4,'2022-03-29 10:25:31','Modification du signalement par un partenaire',0,6),(120,4,'2022-03-29 10:26:10','Modification du signalement par un partenaire',0,4),(121,4,'2022-03-29 10:31:45','Modification du signalement par un partenaire',0,9),(122,1,'2022-03-29 10:33:21','Modification du signalement par un partenaire',0,7),(123,4,'2022-03-29 10:35:15','Modification du signalement par un partenaire',0,4),(124,1,'2022-03-29 10:37:18','Modification du signalement par un partenaire',0,7),(125,1,'2022-03-29 10:38:13','Modification du signalement par un partenaire',0,7),(126,4,'2022-03-29 10:40:18','Modification du signalement par un partenaire',0,11),(127,4,'2022-03-29 10:59:22','Modification du signalement par un partenaire',0,11),(128,4,'2022-03-29 11:00:01','Le signalement à été cloturé pour tous les partenaires avec le motif suivant: <br> <strong>LOCATAIRE PARTI</strong><br><strong>Desc.: </strong>Le locataire est parti avant la premi&egrave;re visite.<br>',0,4),(129,1,'2022-03-29 11:00:01','Signalement validé',1,2),(130,1,'2022-03-31 07:59:25','Signalement rouvert pour ADMINISTRATEURS HISTOLOGE',1,4),(131,3,'2022-03-31 08:22:09','Bonjour,&nbsp;<br><br>Je vais prendre contact avec l\'occupant pour realiser une visite<br />',1,9),(132,3,'2022-03-31 08:25:17','Le signalement à été cloturé pour Administrateurs HISTOLOGE avec le motif suivant: <br> <strong>RESOLU</strong><br><strong>Desc.: </strong>Travaux effectu&eacute;s<br>',0,9),(133,5,'2022-03-31 09:22:19','Signalement rouvert pour tous les partenaires',1,4),(134,4,'2022-03-31 12:27:54','Signalement validé',1,41),(135,4,'2022-03-31 12:29:49','Signalement validé',1,11),(136,4,'2022-03-31 12:32:34','apr&egrave;s visite du logement affectation ARS<br />',0,11),(137,4,'2022-04-04 08:21:27','Signalement validé',1,45),(138,4,'2022-04-04 08:25:03','test test test<br />',0,45),(139,7,'2022-04-05 07:37:12','Modification du signalement par un partenaire',0,45),(140,1,'2022-04-05 08:12:40','Signalement validé',1,43),(141,1,'2022-04-05 08:13:46','Signalement validé',1,44),(142,4,'2022-04-06 14:09:19','Signalement validé',1,47),(143,4,'2022-04-06 14:10:35','test fichier joint&nbsp;<a class=\"fr-btn fr-fi-eye-fill fr-btn--icon-left\" title=\"Afficher le document\" href=\"../../_up/SendInBlue-Invoice-1056415-624d9f4f6d09c.pdf?t=___TOKEN___\" target=\"_blank\" rel=\"noopener\">Consulter \"SendInBlue_Invoice-1056415.pdf\"</a><br />',1,47);
/*!40000 ALTER TABLE `suivi` ENABLE KEYS */;
UNLOCK TABLES;

--
-- Table structure for table `user`
--

DROP TABLE IF EXISTS `user`;
/*!40101 SET @saved_cs_client     = @@character_set_client */;
/*!40101 SET character_set_client = utf8 */;
CREATE TABLE `user` (
  `id` int(11) NOT NULL AUTO_INCREMENT,
  `email` varchar(180) COLLATE utf8mb4_unicode_ci NOT NULL,
  `roles` longtext CHARACTER SET utf8mb4 COLLATE utf8mb4_bin NOT NULL CHECK (json_valid(`roles`)),
  `password` varchar(255) COLLATE utf8mb4_unicode_ci DEFAULT NULL,
  `partenaire_id` int(11) DEFAULT NULL,
  `nom` varchar(255) COLLATE utf8mb4_unicode_ci DEFAULT NULL,
  `prenom` varchar(255) COLLATE utf8mb4_unicode_ci DEFAULT NULL,
  `statut` int(11) NOT NULL,
  `last_login_at` datetime DEFAULT NULL COMMENT '(DC2Type:datetime_immutable)',
  `is_generique` tinyint(1) NOT NULL,
  `is_mailing_active` tinyint(1) NOT NULL,
  PRIMARY KEY (`id`),
  UNIQUE KEY `UNIQ_8D93D649E7927C74` (`email`),
  KEY `IDX_8D93D64998DE13AC` (`partenaire_id`),
  CONSTRAINT `FK_8D93D64998DE13AC` FOREIGN KEY (`partenaire_id`) REFERENCES `partenaire` (`id`)
) ENGINE=InnoDB AUTO_INCREMENT=18 DEFAULT CHARSET=utf8mb4 COLLATE=utf8mb4_unicode_ci;
/*!40101 SET character_set_client = @saved_cs_client */;

--
-- Dumping data for table `user`
--

LOCK TABLES `user` WRITE;
/*!40000 ALTER TABLE `user` DISABLE KEYS */;
INSERT INTO `user` VALUES (1,'adminterritoire@histologe.net','[\"ROLE_ADMIN_TERRITOIRE\"]','$2y$13$PZyDXqaw8AuU3OylkVDvheyQZu/hNvc1NU7e2QqnWmt9N5CSrS3pa',1,'ADMIN','Territoire',1,'2022-04-05 12:01:27',0,1),(2,'adminpartenaire@histologe.net','[\"ROLE_ADMIN_PARTENAIRE\"]','$2y$13$PZyDXqaw8AuU3OylkVDvheyQZu/hNvc1NU7e2QqnWmt9N5CSrS3pa',1,'ADMIN','Partenaire',1,'2022-03-29 08:11:10',0,1),(3,'userpartenaire@histologe.net','[\"ROLE_USER_PARTENAIRE\"]','$2y$13$PZyDXqaw8AuU3OylkVDvheyQZu/hNvc1NU7e2QqnWmt9N5CSrS3pa',1,'USER','Partenaire',1,'2022-03-31 09:10:35',0,1),(4,'superadmin@histologe.net','[\"ROLE_ADMIN_TERRITOIRE\"]','$2y$13$PZyDXqaw8AuU3OylkVDvheyQZu/hNvc1NU7e2QqnWmt9N5CSrS3pa',1,'SUPER','Admin',1,'2022-04-06 14:04:05',0,1),(5,'sam@bzez.dev','[\"ROLE_ADMIN_TERRITOIRE\"]','$2y$13$.d8xJ89a527uqRaobrMhnO8.IGnOCXdiAfMk82rFT7FPmv.byl.KC',1,'BZEZ','Sam',1,'2022-04-06 16:41:01',0,1),(7,'alban.sestiaa@beta.gouv.fr','[\"ROLE_ADMIN_TERRITOIRE\"]','$2y$13$6fYBUpkNRpHb7qROt4WDxO1lkeBZlMdxG5tR2f2zLvDQGMlxUFHAy',1,'ALBAN','Test',1,'2022-04-06 14:14:17',0,0),(8,'marie.papillon@ville.fr','[\"ROLE_USER_PARTENAIRE\"]','$2y$13$Mc7WEDBU0AxjVo7T3Vqskusi5HggQ85HxXiE1bnE9Q3zUAwMFc3cy',3,'PAPILLON','Marie',1,'2022-03-24 10:05:25',0,0),(9,'jean.dupont@test.caf.fr','[\"ROLE_USER_PARTENAIRE\"]',NULL,4,'DUPONT','Jean',0,NULL,0,0),(10,'alain.deniez@ars.fr','[\"ROLE_USER_PARTENAIRE\"]',NULL,5,'DENIEZ','Alain',0,NULL,0,0),(11,'christelle.ramecourt@mairie.fr','[\"ROLE_USER_PARTENAIRE\"]',NULL,6,'RAMECOURT','Christelle',0,NULL,0,0),(12,'danielle.delabre@ddt.gouv.fr','[\"ROLE_USER_PARTENAIRE\"]',NULL,7,'DELABRE','Danielle',0,NULL,0,0),(13,'mathilde@poulpux.com','[\"ROLE_USER_PARTENAIRE\"]',NULL,1,'Test','Mathilde',2,NULL,0,0),(14,'mathilde.guillemain.m@gmail.com','[\"ROLE_USER_PARTENAIRE\"]',NULL,1,'Test','Mathilde',2,NULL,0,1),(15,'martin.nicolas@cd.fr','[\"ROLE_USER_PARTENAIRE\"]',NULL,8,'Martin','Nicolas',0,NULL,0,0),(16,'jessica.deferre@test.fr','[\"ROLE_USER_PARTENAIRE\"]',NULL,9,'Deferre','Jessica',0,NULL,0,1),(17,'alban.histologe@gmail.com','[\"ROLE_USER_PARTENAIRE\"]',NULL,4,'ALBAN ','Test2',0,NULL,0,0);
/*!40000 ALTER TABLE `user` ENABLE KEYS */;
UNLOCK TABLES;

--
-- Table structure for table `user_report`
--

DROP TABLE IF EXISTS `user_report`;
/*!40101 SET @saved_cs_client     = @@character_set_client */;
/*!40101 SET character_set_client = utf8 */;
CREATE TABLE `user_report` (
  `id` int(11) NOT NULL AUTO_INCREMENT,
  `created_by_id` int(11) NOT NULL,
  `created_at` datetime NOT NULL COMMENT '(DC2Type:datetime_immutable)',
  `content` longtext COLLATE utf8mb4_unicode_ci NOT NULL,
  `capture` varchar(255) COLLATE utf8mb4_unicode_ci DEFAULT NULL,
  `url` varchar(255) COLLATE utf8mb4_unicode_ci NOT NULL,
  `route` varchar(255) COLLATE utf8mb4_unicode_ci NOT NULL,
  `is_archive` tinyint(1) NOT NULL,
  `archived_at` datetime DEFAULT NULL COMMENT '(DC2Type:datetime_immutable)',
  PRIMARY KEY (`id`),
  KEY `IDX_A17D6CB9B03A8386` (`created_by_id`),
  CONSTRAINT `FK_A17D6CB9B03A8386` FOREIGN KEY (`created_by_id`) REFERENCES `user` (`id`)
) ENGINE=InnoDB DEFAULT CHARSET=utf8mb4 COLLATE=utf8mb4_unicode_ci;
/*!40101 SET character_set_client = @saved_cs_client */;

--
-- Dumping data for table `user_report`
--

LOCK TABLES `user_report` WRITE;
/*!40000 ALTER TABLE `user_report` DISABLE KEYS */;
/*!40000 ALTER TABLE `user_report` ENABLE KEYS */;
UNLOCK TABLES;
/*!40103 SET TIME_ZONE=@OLD_TIME_ZONE */;

/*!40101 SET SQL_MODE=@OLD_SQL_MODE */;
/*!40014 SET FOREIGN_KEY_CHECKS=@OLD_FOREIGN_KEY_CHECKS */;
/*!40014 SET UNIQUE_CHECKS=@OLD_UNIQUE_CHECKS */;
/*!40101 SET CHARACTER_SET_CLIENT=@OLD_CHARACTER_SET_CLIENT */;
/*!40101 SET CHARACTER_SET_RESULTS=@OLD_CHARACTER_SET_RESULTS */;
/*!40101 SET COLLATION_CONNECTION=@OLD_COLLATION_CONNECTION */;
/*!40111 SET SQL_NOTES=@OLD_SQL_NOTES */;

-- Dump completed on 2022-04-06 17:46:03
